"PointID","x","y","Density","Momentum_x","Momentum_y","Energy","Turb_Kin_Energy","Omega","Pressure","Temperature","Mach","Pressure_Coefficient","Velocity_x","Velocity_y","Laminar_Viscosity","Skin_Friction_Coefficient_x","Skin_Friction_Coefficient_y","Heat_Flux","Y_Plus","Eddy_Viscosity"
25, 9.853970408439640e-01, 9.428599150851370e-04, 4.606581639282541e-01, 0.000000000000000e+00, 0.000000000000000e+00, 1.050609005296062e+05, 1.000000000000000e-10, 2.661261068471704e+08, 4.202436021184245e+04, 3.177991149572810e+02, 0.000000000000000e+00, 2.416054171919725e-01, 0.000000000000000e+00, 0.000000000000000e+00, 1.928948901106981e-05, 2.672082830876612e-03, -1.158354982930800e-04, -1.935043666087257e+02, 2.458077155335573e+00, 1.730969611981740e-19
51, 9.695732593536380e-01, 1.489007263444360e-03, 4.657621781172203e-01, 0.000000000000000e+00, 0.000000000000000e+00, 1.062806511812098e+05, 1.000000000000000e-10, 2.636807118994000e+08, 4.251226047248388e+04, 3.179657369696430e+02, 0.000000000000000e+00, 2.751954854484187e-01, 0.000000000000000e+00, 0.000000000000000e+00, 1.929715225143727e-05, 2.133281633309910e-03, -4.801625104381823e-05, -1.063571733598557e+02, 2.206898338519175e+00, 1.766378046370002e-19
77, 9.526804089546200e-01, 1.679251203313470e-03, 4.692479257172474e-01, 0.000000000000000e+00, 0.000000000000000e+00, 1.071180204463170e+05, 1.000000000000000e-10, 2.618415996025743e+08, 4.284720817852677e+04, 3.180903641973256e+02, 0.000000000000000e+00, 2.982553548847037e-01, 0.000000000000000e+00, 0.000000000000000e+00, 1.930288277888976e-05, 1.868836179564635e-03, -1.206367182934978e-06, -8.868432639850599e+01, 2.072495179040134e+00, 1.792096441520977e-19
103, 9.349957108497620e-01, 1.511327689513560e-03, 4.706230470630942e-01, 0.000000000000000e+00, 0.000000000000000e+00, 1.074531356892680e+05, 1.000000000000000e-10, 2.611333271151159e+08, 4.298125427570719e+04, 3.181531583023981e+02, 0.000000000000000e+00, 3.074839163695465e-01, 0.000000000000000e+00, 0.000000000000000e+00, 1.930576971536769e-05, 1.730629490368163e-03, 3.651060961939288e-05, -8.343314295439394e+01, 1.997207593896783e+00, 1.802222993600554e-19
129, 9.168222546577450e-01, 9.227616828866300e-04, 4.708144153960176e-01, 0.000000000000000e+00, 0.000000000000000e+00, 1.075024776570715e+05, 1.000000000000000e-10, 2.610305354664229e+08, 4.300099106282857e+04, 3.181698760546816e+02, 0.000000000000000e+00, 3.088427187315267e-01, 0.000000000000000e+00, 0.000000000000000e+00, 1.930653826051352e-05, 1.656322031295914e-03, 6.792322554177183e-05, -8.139968760900136e+01, 1.954821617017888e+00, 1.803666009153240e-19
155, 8.983380794525150e-01, 8.054462341533510e-06, 4.703314286208991e-01, 0.000000000000000e+00, 0.000000000000000e+00, 1.073876029581832e+05, 1.000000000000000e-10, 2.613302255259842e+08, 4.295504118327327e+04, 3.181562688020363e+02, 0.000000000000000e+00, 3.056792451383606e-01, 0.000000000000000e+00, 0.000000000000000e+00, 1.930591271214461e-05, 1.617194151388836e-03, 9.295298772049986e-05, -8.017636114611247e+01, 1.931304629812241e+00, 1.799749794280389e-19
181, 8.797067403793331e-01, -1.210561604239050e-03, 4.691093026682900e-01, 0.000000000000000e+00, 0.000000000000000e+00, 1.070964820279997e+05, 1.000000000000000e-10, 2.621807325596507e+08, 4.283859281119985e+04, 3.181203828301534e+02, 0.000000000000000e+00, 2.976622197710121e-01, 0.000000000000000e+00, 0.000000000000000e+00, 1.930426290995491e-05, 1.604419815061565e-03, 1.158227726254966e-04, -7.935231640145685e+01, 1.921535838521644e+00, 1.789250574408723e-19
207, 8.610174655914310e-01, -2.686113817617300e-03, 4.676803334764370e-01, 0.000000000000000e+00, 0.000000000000000e+00, 1.067546303841678e+05, 1.000000000000000e-10, 2.630757719782822e+08, 4.270185215366712e+04, 3.180738386633329e+02, 0.000000000000000e+00, 2.882481481041568e-01, 0.000000000000000e+00, 0.000000000000000e+00, 1.930212297651626e-05, 1.604828198658874e-03, 1.347569698137819e-04, -7.895927759108251e+01, 1.919493410596659e+00, 1.777731959463871e-19
233, 8.422674536705020e-01, -4.354327917099000e-03, 4.660064496176166e-01, 0.000000000000000e+00, 0.000000000000000e+00, 1.063547254402982e+05, 1.000000000000000e-10, 2.640667815929614e+08, 4.254189017611925e+04, 3.180205614433660e+02, 0.000000000000000e+00, 2.772353773029992e-01, 0.000000000000000e+00, 0.000000000000000e+00, 1.929967329131477e-05, 1.612381833886110e-03, 1.520756048729115e-04, -7.837919119085136e+01, 1.921393711067036e+00, 1.764722074191998e-19
259, 8.235722184181210e-01, -6.217850837856530e-03, 4.638299811969177e-01, 0.000000000000000e+00, 0.000000000000000e+00, 1.058378159465602e+05, 1.000000000000000e-10, 2.653188985531935e+08, 4.233512637862405e+04, 3.179599269884972e+02, 0.000000000000000e+00, 2.630004800686855e-01, 0.000000000000000e+00, 0.000000000000000e+00, 1.929688507358592e-05, 1.630808360751127e-03, 1.698655750589562e-04, -7.839058970070762e+01, 1.928846454694507e+00, 1.748191182734708e-19
285, 8.049457669258120e-01, -8.241767995059490e-03, 4.617998987818535e-01, 0.000000000000000e+00, 0.000000000000000e+00, 1.053543037232036e+05, 1.000000000000000e-10, 2.666805726591632e+08, 4.214172148928140e+04, 3.178987238197050e+02, 0.000000000000000e+00, 2.496852926047368e-01, 0.000000000000000e+00, 0.000000000000000e+00, 1.929407043730353e-05, 1.653350763529669e-03, 1.841982450896216e-04, -7.889069824157305e+01, 1.938055052893847e+00, 1.731653003445391e-19
311, 7.863141298294070e-01, -1.036873925477270e-02, 4.595394227996270e-01, 0.000000000000000e+00, 0.000000000000000e+00, 1.048179680053447e+05, 1.000000000000000e-10, 2.678455410691804e+08, 4.192718720213787e+04, 3.178361551648177e+02, 0.000000000000000e+00, 2.349154268558939e-01, 0.000000000000000e+00, 0.000000000000000e+00, 1.929119272735741e-05, 1.675357402811667e-03, 1.988950121053937e-04, -7.888511459314731e+01, 1.947614780044529e+00, 1.715682325086844e-19
337, 7.678796052932740e-01, -1.264218706637620e-02, 4.568073562362505e-01, 0.000000000000000e+00, 0.000000000000000e+00, 1.041723846949596e+05, 1.000000000000000e-10, 2.696369149109902e+08, 4.166895387798383e+04, 3.177677754648170e+02, 0.000000000000000e+00, 2.171370494206787e-01, 0.000000000000000e+00, 0.000000000000000e+00, 1.928804743044931e-05, 1.707646426826629e-03, 2.154330743200555e-04, -7.989305303543962e+01, 1.960784524240143e+00, 1.694151917876201e-19
363, 7.495508193969730e-01, -1.500672101974490e-02, 4.539034034911643e-01, 0.000000000000000e+00, 0.000000000000000e+00, 1.034873159003739e+05, 1.000000000000000e-10, 2.714450286326513e+08, 4.139492636014953e+04, 3.176976632062405e+02, 0.000000000000000e+00, 1.982713021138473e-01, 0.000000000000000e+00, 0.000000000000000e+00, 1.928482209248246e-05, 1.748301040786117e-03, 2.300820773314323e-04, -8.283532367946910e+01, 1.978207332574055e+00, 1.672169232510551e-19
389, 7.313483357429500e-01, -1.744982041418550e-02, 4.508117987361763e-01, 0.000000000000000e+00, 0.000000000000000e+00, 1.027596326643071e+05, 1.000000000000000e-10, 2.732828589805101e+08, 4.110385306572283e+04, 3.176271412278992e+02, 0.000000000000000e+00, 1.782320182352776e-01, 0.000000000000000e+00, 0.000000000000000e+00, 1.928157755119929e-05, 1.794585741518282e-03, 2.436190569738008e-04, -8.702077417259434e+01, 1.998170427544587e+00, 1.649611251458546e-19
415, 7.132214307785030e-01, -1.993851736187930e-02, 4.476912603056820e-01, 0.000000000000000e+00, 0.000000000000000e+00, 1.020263042397699e+05, 1.000000000000000e-10, 2.755021506566147e+08, 4.081052169590793e+04, 3.175585977541461e+02, 0.000000000000000e+00, 1.580372744962897e-01, 0.000000000000000e+00, 0.000000000000000e+00, 1.927842369453838e-05, 1.842777489498648e-03, 2.556994214175438e-04, -9.202056661786585e+01, 2.017208405468564e+00, 1.624996299838905e-19
441, 6.951977014541630e-01, -2.246599644422530e-02, 4.442486285548382e-01, 0.000000000000000e+00, 0.000000000000000e+00, 1.012190700117500e+05, 1.000000000000000e-10, 2.775490508545976e+08, 4.048762800469996e+04, 3.174874652990107e+02, 0.000000000000000e+00, 1.358072779125766e-01, 0.000000000000000e+00, 0.000000000000000e+00, 1.927515035635343e-05, 1.894448969027209e-03, 2.683642429988040e-04, -9.781789271180352e+01, 2.038298945671285e+00, 1.600608449266223e-19
467, 6.773055195808410e-01, -2.502630092203620e-02, 4.408682248032478e-01, 0.000000000000000e+00, 0.000000000000000e+00, 1.004270476541121e+05, 1.000000000000000e-10, 2.799027213804213e+08, 4.017081906164483e+04, 3.174184989794732e+02, 0.000000000000000e+00, 1.139961929841032e-01, 0.000000000000000e+00, 0.000000000000000e+00, 1.927197635201461e-05, 1.946232975721035e-03, 2.789654082113481e-04, -1.046435767377513e+02, 2.057655170952314e+00, 1.575072017373245e-19
493, 6.594728827476500e-01, -2.758665196597580e-02, 4.372941400194710e-01, 0.000000000000000e+00, 0.000000000000000e+00, 9.959089985154189e+04, 1.000000000000000e-10, 2.824166783108805e+08, 3.983635994061673e+04, 3.173484163973621e+02, 0.000000000000000e+00, 9.096996075878136e-02, 0.000000000000000e+00, 0.000000000000000e+00, 1.926875062507636e-05, 1.997297088956996e-03, 2.889866521542285e-04, -1.122835617717261e+02, 2.075525083403137e+00, 1.548395928563509e-19
519, 6.418011188507080e-01, -3.016339242458340e-02, 4.323511300137256e-01, 0.000000000000000e+00, 0.000000000000000e+00, 9.843651707804335e+04, 1.000000000000000e-10, 2.854234927929499e+08, 3.937460683121732e+04, 3.172560970434509e+02, 0.000000000000000e+00, 5.918002393447740e-02, 0.000000000000000e+00, 0.000000000000000e+00, 1.926450085715815e-05, 2.075755313343509e-03, 3.047677882933480e-04, -1.242882112699521e+02, 2.105235501157722e+00, 1.514765956873955e-19
545, 6.243042349815370e-01, -3.275020420551300e-02, 4.280461340655041e-01, 0.000000000000000e+00, 0.000000000000000e+00, 9.742877936731010e+04, 1.000000000000000e-10, 2.884644946935115e+08, 3.897151174692401e+04, 3.171662878102035e+02, 0.000000000000000e+00, 3.142846795570110e-02, 0.000000000000000e+00, 0.000000000000000e+00, 1.926036605167983e-05, 2.165889720242456e-03, 3.101480259212158e-04, -1.410047789598494e+02, 2.138724679297767e+00, 1.483873261093072e-19
571, 6.065399646759030e-01, -3.521266952157020e-02, 4.251072885314134e-01, 0.000000000000000e+00, 0.000000000000000e+00, 9.673219580433733e+04, 1.000000000000000e-10, 2.906174980278572e+08, 3.869287832173490e+04, 3.170756065062234e+02, 0.000000000000000e+00, 1.224562153064461e-02, 0.000000000000000e+00, 0.000000000000000e+00, 1.925619050881225e-05, 2.244205936302579e-03, 3.084324949650531e-04, -1.512772228394488e+02, 2.168313339338103e+00, 1.462767570504969e-19
597, 5.888153314590450e-01, -3.762762248516080e-02, 4.211540770381336e-01, 0.000000000000000e+00, 0.000000000000000e+00, 9.580151760169760e+04, 1.000000000000000e-10, 2.934607083150471e+08, 3.832060704067902e+04, 3.169725955969905e+02, 0.000000000000000e+00, -1.338383339963602e-02, 0.000000000000000e+00, 0.000000000000000e+00, 1.925144651636006e-05, 2.312185343074332e-03, 3.168424394749921e-04, -1.561802361420345e+02, 2.190406909671011e+00, 1.435124281253570e-19
623, 5.713157057762150e-01, -4.003950580954550e-02, 4.165334750049127e-01, 0.000000000000000e+00, 0.000000000000000e+00, 9.471481595421025e+04, 1.000000000000000e-10, 2.966207263495777e+08, 3.788592638168408e+04, 3.168533818446287e+02, 0.000000000000000e+00, -4.330993548083154e-02, 0.000000000000000e+00, 0.000000000000000e+00, 1.924595537803405e-05, 2.399699695766334e-03, 3.255308465711546e-04, -1.665457039213555e+02, 2.219628294940110e+00, 1.404257703634211e-19
649, 5.538190603256230e-01, -4.237503558397290e-02, 4.118090184724113e-01, 0.000000000000000e+00, 0.000000000000000e+00, 9.360436326774667e+04, 1.000000000000000e-10, 3.001423023207477e+08, 3.744174530709864e+04, 3.167310034816871e+02, 0.000000000000000e+00, -7.389010486613012e-02, 0.000000000000000e+00, 0.000000000000000e+00, 1.924031741137929e-05, 2.501814192783350e-03, 3.280806787524190e-04, -1.828203717746091e+02, 2.252636436329286e+00, 1.372040663423886e-19
675, 5.363336801528930e-01, -4.462694749236110e-02, 4.068912494148192e-01, 0.000000000000000e+00, 0.000000000000000e+00, 9.244936448157932e+04, 1.000000000000000e-10, 3.038659777966381e+08, 3.697974579263171e+04, 3.166036494850381e+02, 0.000000000000000e+00, -1.056970057376065e-01, 0.000000000000000e+00, 0.000000000000000e+00, 1.923444907417365e-05, 2.613664525378405e-03, 3.280747261826467e-04, -2.021860245929043e+02, 2.287761714083790e+00, 1.339043090193864e-19
701, 5.188096761703490e-01, -4.676951467990880e-02, 4.020586535621857e-01, 0.000000000000000e+00, 0.000000000000000e+00, 9.131414995298634e+04, 1.000000000000000e-10, 3.073910123422349e+08, 3.652565998119451e+04, 3.164747047040453e+02, 0.000000000000000e+00, -1.369590784005862e-01, 0.000000000000000e+00, 0.000000000000000e+00, 1.922850624672362e-05, 2.728588306322200e-03, 3.231905595558542e-04, -2.238477986616801e+02, 2.323372370309148e+00, 1.307966049641812e-19
727, 5.012295246124270e-01, -4.878489673137660e-02, 3.973112133831464e-01, 0.000000000000000e+00, 0.000000000000000e+00, 9.019918366918822e+04, 1.000000000000000e-10, 3.112798579763435e+08, 3.607967346767527e+04, 3.163458352694755e+02, 0.000000000000000e+00, -1.676635453563348e-01, 0.000000000000000e+00, 0.000000000000000e+00, 1.922256569634128e-05, 2.847428193908883e-03, 3.139799096170423e-04, -2.476491658641883e+02, 2.357749904213192e+00, 1.276374069565645e-19
753, 4.835794866085050e-01, -5.065427348017690e-02, 3.925503446576555e-01, 0.000000000000000e+00, 0.000000000000000e+00, 8.908304955544569e+04, 1.000000000000000e-10, 3.150366859301566e+08, 3.563321982217825e+04, 3.162205206035640e+02, 0.000000000000000e+00, -1.984001725634377e-01, 0.000000000000000e+00, 0.000000000000000e+00, 1.921678786494586e-05, 2.968620139537959e-03, 3.004054828055711e-04, -2.749615021717580e+02, 2.392134506047642e+00, 1.246041067465589e-19
779, 4.658685922622680e-01, -5.236319825053220e-02, 3.879182130821082e-01, 0.000000000000000e+00, 0.000000000000000e+00, 8.799919719339137e+04, 1.000000000000000e-10, 3.188946601479229e+08, 3.519967887735653e+04, 3.161031882607813e+02, 0.000000000000000e+00, -2.282478096796400e-01, 0.000000000000000e+00, 0.000000000000000e+00, 1.921137704577326e-05, 3.091325859277543e-03, 2.808612098743249e-04, -3.065176606953113e+02, 2.425302735055989e+00, 1.216440870735429e-19
805, 4.480717480182650e-01, -5.388031527400020e-02, 3.839099982263608e-01, 0.000000000000000e+00, 0.000000000000000e+00, 8.705916974725797e+04, 1.000000000000000e-10, 3.220339240551677e+08, 3.482366789890316e+04, 3.159915251806456e+02, 0.000000000000000e+00, -2.541347284831204e-01, 0.000000000000000e+00, 0.000000000000000e+00, 1.920622674508071e-05, 3.217454638229921e-03, 2.533225307645516e-04, -3.409835485464880e+02, 2.461150040153991e+00, 1.192136074641732e-19
831, 4.301885962486270e-01, -5.517242103815080e-02, 3.805496390668144e-01, 0.000000000000000e+00, 0.000000000000000e+00, 8.627131192701624e+04, 1.000000000000000e-10, 3.249542383756828e+08, 3.450852477080648e+04, 3.158969440868544e+02, 0.000000000000000e+00, -2.758311284182238e-01, 0.000000000000000e+00, 0.000000000000000e+00, 1.920186362349390e-05, 3.338561041745084e-03, 2.191338104067251e-04, -3.763135567964956e+02, 2.494737520185551e+00, 1.171081398935394e-19
857, 4.122794568538670e-01, -5.622962117195130e-02, 3.778481677074412e-01, 0.000000000000000e+00, 0.000000000000000e+00, 8.564090114149134e+04, 1.000000000000000e-10, 3.272606233431042e+08, 3.425636045659651e+04, 3.158306284769844e+02, 0.000000000000000e+00, -2.931916777137234e-01, 0.000000000000000e+00, 0.000000000000000e+00, 1.919880403250769e-05, 3.444486425903566e-03, 1.790796007717773e-04, -4.119486299573046e+02, 2.524130238280218e+00, 1.154573212358963e-19
883, 3.944020271301270e-01, -5.703297257423400e-02, 3.766073163375104e-01, 0.000000000000000e+00, 0.000000000000000e+00, 8.534639518192357e+04, 1.000000000000000e-10, 3.284386505730254e+08, 3.413855807276940e+04, 3.157815602160234e+02, 0.000000000000000e+00, -3.013019216154638e-01, 0.000000000000000e+00, 0.000000000000000e+00, 1.919653997502966e-05, 3.546276095073044e-03, 1.306118489136608e-04, -4.456284574319189e+02, 2.555732396443535e+00, 1.146653848362552e-19
909, 3.766198158264160e-01, -5.754299089312550e-02, 3.770212828286278e-01, 0.000000000000000e+00, 0.000000000000000e+00, 8.543260021789251e+04, 1.000000000000000e-10, 3.281235722161695e+08, 3.417304008715699e+04, 3.157534427890232e+02, 0.000000000000000e+00, -2.989279667104675e-01, 0.000000000000000e+00, 0.000000000000000e+00, 1.919524253118999e-05, 3.631676282361109e-03, 7.752698421131037e-05, -4.703600320910176e+02, 2.586978126888265e+00, 1.149016335651480e-19
935, 3.590588271617890e-01, -5.778745934367180e-02, 3.789618977292341e-01, 0.000000000000000e+00, 0.000000000000000e+00, 8.587127611221946e+04, 1.000000000000000e-10, 3.263481393598695e+08, 3.434851044488776e+04, 3.157495257896120e+02, 0.000000000000000e+00, -2.868475032046457e-01, 0.000000000000000e+00, 0.000000000000000e+00, 1.919506178157660e-05, 3.693640608176174e-03, 2.369207933886281e-05, -4.835512870493776e+02, 2.615726814621825e+00, 1.161213573287483e-19
961, 3.418258726596830e-01, -5.776616930961610e-02, 3.817961827168312e-01, 0.000000000000000e+00, 0.000000000000000e+00, 8.652142608129828e+04, 1.000000000000000e-10, 3.239433414029195e+08, 3.460857043251929e+04, 3.157784028108397e+02, 0.000000000000000e+00, -2.689433669702657e-01, 0.000000000000000e+00, 0.000000000000000e+00, 1.919639428332207e-05, 3.725058481052727e-03, -2.623388497791936e-05, -4.868796224135410e+02, 2.636455238602192e+00, 1.178582965741078e-19
987, 3.249974250793460e-01, -5.754758045077320e-02, 3.851473573493641e-01, 0.000000000000000e+00, 0.000000000000000e+00, 8.729675711178477e+04, 1.000000000000000e-10, 3.212821319589577e+08, 3.491870284471389e+04, 3.158359232139006e+02, 0.000000000000000e+00, -2.475919356747437e-01, 0.000000000000000e+00, 0.000000000000000e+00, 1.919904832645585e-05, 3.730529904087585e-03, -7.121166480550271e-05, -4.846050895127439e+02, 2.649327414274068e+00, 1.198775695642343e-19
1013, 3.086399734020230e-01, -5.713268741965290e-02, 3.891611749439849e-01, 0.000000000000000e+00, 0.000000000000000e+00, 8.822571839946308e+04, 1.000000000000000e-10, 3.180744039019370e+08, 3.529028735978521e+04, 3.159046612665229e+02, 0.000000000000000e+00, -2.220097619577734e-01, 0.000000000000000e+00, 0.000000000000000e+00, 1.920221964897469e-05, 3.723836265192683e-03, -1.136917562635196e-04, -4.784098267246856e+02, 2.660440700237015e+00, 1.223484051200348e-19
1039, 2.927811741828920e-01, -5.656399205327030e-02, 3.931741383712514e-01, 0.000000000000000e+00, 0.000000000000000e+00, 8.915955296366641e+04, 1.000000000000000e-10, 3.148776653814393e+08, 3.566382118546654e+04, 3.159899536654819e+02, 0.000000000000000e+00, -1.962933856553049e-01, 0.000000000000000e+00, 0.000000000000000e+00, 1.920615425476558e-05, 3.695845838986129e-03, -1.484052689968129e-04, -4.681784245843187e+02, 2.664062015849064e+00, 1.248649566317607e-19
1065, 2.774220108985900e-01, -5.587914213538170e-02, 3.968339999760744e-01, 0.000000000000000e+00, 0.000000000000000e+00, 9.001208627669449e+04, 1.000000000000000e-10, 3.120263464972255e+08, 3.600483451067778e+04, 3.160692819614737e+02, 0.000000000000000e+00, -1.728159215212543e-01, 0.000000000000000e+00, 0.000000000000000e+00, 1.920981326098221e-05, 3.673766031075431e-03, -1.780341225821376e-04, -4.608370010324880e+02, 2.668462002760955e+00, 1.271788959412012e-19
1091, 2.625653147697450e-01, -5.509970337152480e-02, 4.002760380872336e-01, 0.000000000000000e+00, 0.000000000000000e+00, 9.081486033139784e+04, 1.000000000000000e-10, 3.093505937252387e+08, 3.632594413255911e+04, 3.161459797309806e+02, 0.000000000000000e+00, -1.507087512922091e-01, 0.000000000000000e+00, 0.000000000000000e+00, 1.921335050326431e-05, 3.657372762271887e-03, -2.067051859260714e-04, -4.576666133524300e+02, 2.674322561880140e+00, 1.293915882786295e-19
1117, 2.482267022132870e-01, -5.422909930348400e-02, 4.040022940725080e-01, 0.000000000000000e+00, 0.000000000000000e+00, 9.168285325214686e+04, 1.000000000000000e-10, 3.067242617955770e+08, 3.667314130085872e+04, 3.162238529345294e+02, 0.000000000000000e+00, -1.268055531953349e-01, 0.000000000000000e+00, 0.000000000000000e+00, 1.921694152198792e-05, 3.637282490938721e-03, -2.359627697010984e-04, -4.535530695458524e+02, 2.678806605546430e+00, 1.317143446075929e-19
1143, 2.344165146350860e-01, -5.327359586954120e-02, 4.078251549388937e-01, 0.000000000000000e+00, 0.000000000000000e+00, 9.257427458952485e+04, 1.000000000000000e-10, 3.037924567020786e+08, 3.702970983580992e+04, 3.163054277399228e+02, 0.000000000000000e+00, -1.022571723205927e-01, 0.000000000000000e+00, 0.000000000000000e+00, 1.922070276665446e-05, 3.604022839198460e-03, -2.610796046599101e-04, -4.458192194966936e+02, 2.679831251439904e+00, 1.342438419038399e-19
1169, 2.210974693298340e-01, -5.226382613182070e-02, 4.111133880946405e-01, 0.000000000000000e+00, 0.000000000000000e+00, 9.333949003307306e+04, 1.000000000000000e-10, 3.015775807028004e+08, 3.733579601322920e+04, 3.163691592546865e+02, 0.000000000000000e+00, -8.118430882518979e-02, 0.000000000000000e+00, 0.000000000000000e+00, 1.922364096084067e-05, 3.585886812509732e-03, -2.817424018483476e-04, -4.400886615675823e+02, 2.683308604096142e+00, 1.363200986421664e-19
1195, 2.082438766956330e-01, -5.121721699833870e-02, 4.141746629114288e-01, 0.000000000000000e+00, 0.000000000000000e+00, 9.405191171638240e+04, 1.000000000000000e-10, 2.994723019438559e+08, 3.762076468655294e+04, 3.164276578765100e+02, 0.000000000000000e+00, -6.156530477852435e-02, 0.000000000000000e+00, 0.000000000000000e+00, 1.922633764719730e-05, 3.575196063310465e-03, -3.040661825038245e-04, -4.386723031716920e+02, 2.689233028304673e+00, 1.383006349561775e-19
1221, 1.958884000778200e-01, -5.011982470750810e-02, 4.175694872806941e-01, 0.000000000000000e+00, 0.000000000000000e+00, 9.484009123066539e+04, 1.000000000000000e-10, 2.971344484708945e+08, 3.793603649226613e+04, 3.164853003940401e+02, 0.000000000000000e+00, -3.986004588131283e-02, 0.000000000000000e+00, 0.000000000000000e+00, 1.922899462767320e-05, 3.560787752528418e-03, -3.290182806375018e-04, -4.358139199132830e+02, 2.695045696077980e+00, 1.405312948144035e-19
1247, 1.840233504772190e-01, -4.897923022508620e-02, 4.208171271667443e-01, 0.000000000000000e+00, 0.000000000000000e+00, 9.559510279569698e+04, 1.000000000000000e-10, 2.949119602856911e+08, 3.823804111827876e+04, 3.165428979281982e+02, 0.000000000000000e+00, -1.906818160112097e-02, 0.000000000000000e+00, 0.000000000000000e+00, 1.923164929585220e-05, 3.541919820707072e-03, -3.499646530576801e-04, -4.309582669674876e+02, 2.698657210982550e+00, 1.426915685203699e-19
1273, 1.725961565971370e-01, -4.781839996576310e-02, 4.236216368066605e-01, 0.000000000000000e+00, 0.000000000000000e+00, 9.624571500755945e+04, 1.000000000000000e-10, 2.930706325603577e+08, 3.849828600302376e+04, 3.165873852196396e+02, 0.000000000000000e+00, -1.151315907130858e-03, 0.000000000000000e+00, 0.000000000000000e+00, 1.923369955006306e-05, 3.537642570804642e-03, -3.703861221042204e-04, -4.292997454009264e+02, 2.706147365140498e+00, 1.445450153591678e-19
1299, 1.616173982620240e-01, -4.663335904479030e-02, 4.264813561392262e-01, 0.000000000000000e+00, 0.000000000000000e+00, 9.690948785393947e+04, 1.000000000000000e-10, 2.912233016646155e+08, 3.876379514157576e+04, 3.166332980440948e+02, 0.000000000000000e+00, 1.712797354220710e-02, 0.000000000000000e+00, 0.000000000000000e+00, 1.923581535251896e-05, 3.535485940472989e-03, -3.956960071272823e-04, -4.307666991435721e+02, 2.714786048352113e+00, 1.464438786835313e-19
1325, 1.511152982711790e-01, -4.541423544287680e-02, 4.293215666181178e-01, 0.000000000000000e+00, 0.000000000000000e+00, 9.757016756378899e+04, 1.000000000000000e-10, 2.894689664460986e+08, 3.902806702551557e+04, 3.166829500987274e+02, 0.000000000000000e+00, 3.532208274011472e-02, 0.000000000000000e+00, 0.000000000000000e+00, 1.923810329942975e-05, 3.532214194529401e-03, -4.219338405898973e-04, -4.331875420018462e+02, 2.722743415175254e+00, 1.483125845675222e-19
1351, 1.410477757453920e-01, -4.417625442147250e-02, 4.325918371380686e-01, 0.000000000000000e+00, 0.000000000000000e+00, 9.832858845785004e+04, 1.000000000000000e-10, 2.875213415690638e+08, 3.933143538313999e+04, 3.167319110685880e+02, 0.000000000000000e+00, 5.620783472978076e-02, 0.000000000000000e+00, 0.000000000000000e+00, 1.924035922783663e-05, 3.527916697656258e-03, -4.509625169273225e-04, -4.342354108329192e+02, 2.731518211364306e+00, 1.504546310849230e-19
1377, 1.314679384231570e-01, -4.290277510881420e-02, 4.360809180631984e-01, 0.000000000000000e+00, 0.000000000000000e+00, 9.913827424378799e+04, 1.000000000000000e-10, 2.854284578766944e+08, 3.965530969751517e+04, 3.167849990434779e+02, 0.000000000000000e+00, 7.850534347074692e-02, 0.000000000000000e+00, 0.000000000000000e+00, 1.924280511761453e-05, 3.511076855180808e-03, -4.775792811396151e-04, -4.309812387712760e+02, 2.736258934136765e+00, 1.527802304426397e-19
1403, 1.222792565822600e-01, -4.162334650754930e-02, 4.390297336814220e-01, 0.000000000000000e+00, 0.000000000000000e+00, 9.982227084904182e+04, 1.000000000000000e-10, 2.837766714949424e+08, 3.992890833961670e+04, 3.168282129850413e+02, 0.000000000000000e+00, 9.734156432248285e-02, 0.000000000000000e+00, 0.000000000000000e+00, 1.924479593752934e-05, 3.506846947444816e-03, -5.016193792210373e-04, -4.300982243475813e+02, 2.743733501702653e+00, 1.547086564292448e-19
1429, 1.134960949420930e-01, -4.033208265900610e-02, 4.424857732448135e-01, 0.000000000000000e+00, 0.000000000000000e+00, 1.006214945952550e+05, 1.000000000000000e-10, 2.820037815267826e+08, 4.024859783810199e+04, 3.168704850545066e+02, 0.000000000000000e+00, 1.193509644832294e-01, 0.000000000000000e+00, 0.000000000000000e+00, 1.924674323655428e-05, 3.506256279603567e-03, -5.343586894369515e-04, -4.307756432233986e+02, 2.753835934433112e+00, 1.569068042882308e-19
1455, 1.051684617996220e-01, -3.901563584804530e-02, 4.460134624478775e-01, 0.000000000000000e+00, 0.000000000000000e+00, 1.014398070254104e+05, 1.000000000000000e-10, 2.801773159684961e+08, 4.057592281016413e+04, 3.169208290538315e+02, 0.000000000000000e+00, 1.418860378179969e-01, 0.000000000000000e+00, 0.000000000000000e+00, 1.924906220841210e-05, 3.495090350689853e-03, -5.649221198144233e-04, -4.285012172874548e+02, 2.760190870788725e+00, 1.591887704525548e-19
1481, 9.719923138618471e-02, -3.769797086715700e-02, 4.493883212896763e-01, 0.000000000000000e+00, 0.000000000000000e+00, 1.022247863361894e+05, 1.000000000000000e-10, 2.784314962231946e+08, 4.088991453447573e+04, 3.169748217914475e+02, 0.000000000000000e+00, 1.635031680030060e-01, 0.000000000000000e+00, 0.000000000000000e+00, 1.925154904802114e-05, 3.484334803107421e-03, -5.947209628823086e-04, -4.281514881795237e+02, 2.766415928409669e+00, 1.613990191083127e-19
1507, 8.964005112648010e-02, -3.636518120765690e-02, 4.533295522350988e-01, 0.000000000000000e+00, 0.000000000000000e+00, 1.031383830639079e+05, 1.000000000000000e-10, 2.764912976376793e+08, 4.125535322556314e+04, 3.170272721470389e+02, 0.000000000000000e+00, 1.886622252271908e-01, 0.000000000000000e+00, 0.000000000000000e+00, 1.925396464689191e-05, 3.475524262527565e-03, -6.315741759652275e-04, -4.278312475333922e+02, 2.775039256970094e+00, 1.639570426567103e-19
1533, 8.247101306915280e-02, -3.502155095338820e-02, 4.573939688412296e-01, 0.000000000000000e+00, 0.000000000000000e+00, 1.040826278461695e+05, 1.000000000000000e-10, 2.747724326926180e+08, 4.163305113846776e+04, 3.170867914961166e+02, 0.000000000000000e+00, 2.146652830204054e-01, 0.000000000000000e+00, 0.000000000000000e+00, 1.925670556866408e-05, 3.455344339788570e-03, -6.642779259197557e-04, -4.235380234535796e+02, 2.778076043914813e+00, 1.664618943139885e-19
1559, 7.564741373062130e-02, -3.367514535784720e-02, 4.618070213509858e-01, 0.000000000000000e+00, 0.000000000000000e+00, 1.051075057592495e+05, 1.000000000000000e-10, 2.727596869953296e+08, 4.204300230369978e+04, 3.171491378921165e+02, 0.000000000000000e+00, 2.428888539687993e-01, 0.000000000000000e+00, 0.000000000000000e+00, 1.925957640584750e-05, 3.425144045818153e-03, -6.951631358176275e-04, -4.157161461849390e+02, 2.778750516863137e+00, 1.693081850787516e-19
1585, 6.917616724967959e-02, -3.232324495911600e-02, 4.660581855689425e-01, 0.000000000000000e+00, 0.000000000000000e+00, 1.060965235027589e+05, 1.000000000000000e-10, 2.710770685519011e+08, 4.243860940110353e+04, 3.172132722996079e+02, 0.000000000000000e+00, 2.701248906683012e-01, 0.000000000000000e+00, 0.000000000000000e+00, 1.926252928368794e-05, 3.392231411100725e-03, -7.227540312895961e-04, -4.075192089420408e+02, 2.776553469340874e+00, 1.719273689920761e-19
1611, 6.298619508743290e-02, -3.097752667963500e-02, 4.697311002001344e-01, 0.000000000000000e+00, 0.000000000000000e+00, 1.069512658149524e+05, 1.000000000000000e-10, 2.696952918119411e+08, 4.278050632598095e+04, 3.172684964849198e+02, 0.000000000000000e+00, 2.936631872623700e-01, 0.000000000000000e+00, 0.000000000000000e+00, 1.926507168036971e-05, 3.376686042262962e-03, -7.545558500141420e-04, -4.058623904604662e+02, 2.780104049041887e+00, 1.741701232496928e-19
1637, 5.711802840232850e-02, -2.962872758507730e-02, 4.739551946154996e-01, 0.000000000000000e+00, 0.000000000000000e+00, 1.079323534114545e+05, 1.000000000000000e-10, 2.683119523453125e+08, 4.317294136458176e+04, 3.173252974482505e+02, 0.000000000000000e+00, 3.206808398364690e-01, 0.000000000000000e+00, 0.000000000000000e+00, 1.926768644008529e-05, 3.366669567855824e-03, -8.021037396092523e-04, -4.088834377979020e+02, 2.787446145891346e+00, 1.766424303394294e-19
1663, 5.161416530609130e-02, -2.826815843582150e-02, 4.786726559719011e-01, 0.000000000000000e+00, 0.000000000000000e+00, 1.090289661066608e+05, 1.000000000000000e-10, 2.667167379174851e+08, 4.361158644266427e+04, 3.173902717593410e+02, 0.000000000000000e+00, 3.508798770203704e-01, 0.000000000000000e+00, 0.000000000000000e+00, 1.927067716564448e-05, 3.345307795877685e-03, -8.525609043262116e-04, -4.085140291656307e+02, 2.792062121310197e+00, 1.794676459563259e-19
1689, 4.642483592033390e-02, -2.690353803336620e-02, 4.839751635561159e-01, 0.000000000000000e+00, 0.000000000000000e+00, 1.102623547121650e+05, 1.000000000000000e-10, 2.650152364409778e+08, 4.410494188486596e+04, 3.174640293892463e+02, 0.000000000000000e+00, 3.848455136782749e-01, 0.000000000000000e+00, 0.000000000000000e+00, 1.927407181480142e-05, 3.308435518566383e-03, -9.014440358330914e-04, -4.022199563582435e+02, 2.791372232139976e+00, 1.826207413999144e-19
1715, 4.156750440597530e-02, -2.553076110780240e-02, 4.898591217203211e-01, 0.000000000000000e+00, 0.000000000000000e+00, 1.116317439573861e+05, 1.000000000000000e-10, 2.631590734585421e+08, 4.465269758295440e+04, 3.175461463624986e+02, 0.000000000000000e+00, 4.225564000435725e-01, 0.000000000000000e+00, 0.000000000000000e+00, 1.927785073873211e-05, 3.253227786409964e-03, -9.459675566854309e-04, -3.887786617771868e+02, 2.784155295895722e+00, 1.861447405823477e-19
1741, 3.698146343231200e-02, -2.415761165320870e-02, 4.954950830929771e-01, 0.000000000000000e+00, 0.000000000000000e+00, 1.129485810162476e+05, 1.000000000000000e-10, 2.617166450011523e+08, 4.517943240649901e+04, 3.176374980955165e+02, 0.000000000000000e+00, 4.588200795354635e-01, 0.000000000000000e+00, 0.000000000000000e+00, 1.928205406730644e-05, 3.188798858152741e-03, -9.832384020313086e-04, -3.746353381690849e+02, 2.770466969859304e+00, 1.893241326080875e-19
1767, 3.265759348869320e-02, -2.278346754610540e-02, 5.010086391323452e-01, 0.000000000000000e+00, 0.000000000000000e+00, 1.142421607814376e+05, 1.000000000000000e-10, 2.604020365281388e+08, 4.569686431257503e+04, 3.177397362651856e+02, 0.000000000000000e+00, 4.944432887141319e-01, 0.000000000000000e+00, 0.000000000000000e+00, 1.928675759989421e-05, 3.118423819497690e-03, -1.026231476479062e-03, -3.664103762968128e+02, 2.754593770017211e+00, 1.923972522892386e-19
1793, 2.861636877059940e-02, -2.140477113425730e-02, 5.076077533203358e-01, 0.000000000000000e+00, 0.000000000000000e+00, 1.157863427193305e+05, 1.000000000000000e-10, 2.588432917153751e+08, 4.631453708773218e+04, 3.178479582157487e+02, 0.000000000000000e+00, 5.369676986220112e-01, 0.000000000000000e+00, 0.000000000000000e+00, 1.929173560460053e-05, 3.036428585340303e-03, -1.083845114936956e-03, -3.563441661462874e+02, 2.737691044739908e+00, 1.961053367436908e-19
1819, 2.490270137786870e-02, -2.001537941396240e-02, 5.152396228240761e-01, 0.000000000000000e+00, 0.000000000000000e+00, 1.175719574967091e+05, 1.000000000000000e-10, 2.570383284254817e+08, 4.702878299868362e+04, 3.179690372928121e+02, 0.000000000000000e+00, 5.861407998398817e-01, 0.000000000000000e+00, 0.000000000000000e+00, 1.929730401905600e-05, 2.919465502910932e-03, -1.130975222494706e-03, -3.316104107010740e+02, 2.707000097658850e+00, 2.004515862463415e-19
1845, 2.143678069114690e-02, -1.862346194684510e-02, 5.225765643744167e-01, 0.000000000000000e+00, 0.000000000000000e+00, 1.192987418357987e+05, 1.000000000000000e-10, 2.555708392239740e+08, 4.771949673431945e+04, 3.181092302621700e+02, 0.000000000000000e+00, 6.336938007240593e-01, 0.000000000000000e+00, 0.000000000000000e+00, 1.930375016909241e-05, 2.771129724182561e-03, -1.152787579341931e-03, -2.988498620877058e+02, 2.657687357232385e+00, 2.044734058864985e-19
1871, 1.820489764213560e-02, -1.722909882664680e-02, 5.303173893722618e-01, 0.000000000000000e+00, 0.000000000000000e+00, 1.211251368472089e+05, 1.000000000000000e-10, 2.542576321732484e+08, 4.845005473888352e+04, 3.182649032165610e+02, 0.000000000000000e+00, 6.839899272445468e-01, 0.000000000000000e+00, 0.000000000000000e+00, 1.931090645052383e-05, 2.608320708528208e-03, -1.178562031822984e-03, -2.700007773086393e+02, 2.601682618081802e+00, 2.085740012329502e-19
1897, 1.524919271469120e-02, -1.582761853933330e-02, 5.386917768497262e-01, 0.000000000000000e+00, 0.000000000000000e+00, 1.231024949678412e+05, 1.000000000000000e-10, 2.528134326748134e+08, 4.924099798713643e+04, 3.184321034127715e+02, 0.000000000000000e+00, 7.384433470087880e-01, 0.000000000000000e+00, 0.000000000000000e+00, 1.931859070983504e-05, 2.441972826978992e-03, -1.216566178434323e-03, -2.492454557916754e+02, 2.546876855432214e+00, 2.130780186169749e-19
1923, 1.256430149078370e-02, -1.441901084035630e-02, 5.477948916250799e-01, 0.000000000000000e+00, 0.000000000000000e+00, 1.252518348838420e+05, 1.000000000000000e-10, 2.513735890269811e+08, 5.010073395353676e+04, 3.186078379044559e+02, 0.000000000000000e+00, 7.976328825010280e-01, 0.000000000000000e+00, 0.000000000000000e+00, 1.932666503982925e-05, 2.270279885532014e-03, -1.263270779021272e-03, -2.360210652287106e+02, 2.492033797096398e+00, 2.179199390026757e-19
1949, 1.017087697982790e-02, -1.300184894353150e-02, 5.582425671932538e-01, 0.000000000000000e+00, 0.000000000000000e+00, 1.277125835644994e+05, 1.000000000000000e-10, 2.494829392406036e+08, 5.108503342579974e+04, 3.187873487749184e+02, 0.000000000000000e+00, 8.653981393070618e-01, 0.000000000000000e+00, 0.000000000000000e+00, 1.933491060421424e-05, 2.063994224409209e-03, -1.303306988461602e-03, -2.166551729003942e+02, 2.424251689888815e+00, 2.237592193359962e-19
1975, 8.062899112701419e-03, -1.157660502940420e-02, 5.691818861266215e-01, 0.000000000000000e+00, 0.000000000000000e+00, 1.302895846243597e+05, 1.000000000000000e-10, 2.476977736449503e+08, 5.211583384974385e+04, 3.189693590256890e+02, 0.000000000000000e+00, 9.363648089160022e-01, 0.000000000000000e+00, 0.000000000000000e+00, 1.934326862725983e-05, 1.789999847654510e-03, -1.279533365813701e-03, -1.772211939689255e+02, 2.309526476186401e+00, 2.297883504704372e-19
2001, 6.177186965942380e-03, -1.014706678688530e-02, 5.789248478265416e-01, 0.000000000000000e+00, 0.000000000000000e+00, 1.325898406170664e+05, 1.000000000000000e-10, 2.466000696442984e+08, 5.303593624682652e+04, 3.191379088665763e+02, 0.000000000000000e+00, 9.997103424483987e-01, 0.000000000000000e+00, 0.000000000000000e+00, 1.935100643419107e-05, 1.467179247929957e-03, -1.167941938572286e-03, -1.223427702094540e+02, 2.136613750938939e+00, 2.347622222327740e-19
2027, 4.468053579330440e-03, -8.714943192899231e-03, 5.878690250212293e-01, 0.000000000000000e+00, 0.000000000000000e+00, 1.346986784917530e+05, 1.000000000000000e-10, 2.459739537087939e+08, 5.387947139670117e+04, 3.192810138776094e+02, 0.000000000000000e+00, 1.057784513640172e+00, 0.000000000000000e+00, 0.000000000000000e+00, 1.935757452826602e-05, 1.067205511570803e-03, -9.700958985744037e-04, -5.613672649176280e+01, 1.875978937254116e+00, 2.389961067713097e-19
2053, 3.018766641616820e-03, -7.276044692844150e-03, 5.965350418252499e-01, 0.000000000000000e+00, 0.000000000000000e+00, 1.367272220797761e+05, 1.000000000000000e-10, 2.454536781734631e+08, 5.469088883191040e+04, 3.193812134831600e+02, 0.000000000000000e+00, 1.113647502926786e+00, 0.000000000000000e+00, 0.000000000000000e+00, 1.936217252410062e-05, 5.538938195438425e-04, -6.257076339673849e-04, 1.720753378134574e+01, 1.429486396388096e+00, 2.430333753055021e-19
2079, 1.912891864776610e-03, -5.828497931361200e-03, 6.010601822275324e-01, 0.000000000000000e+00, 0.000000000000000e+00, 1.377765446698565e+05, 1.000000000000000e-10, 2.464903662032073e+08, 5.511061786794256e+04, 3.194093806861216e+02, 0.000000000000000e+00, 1.142544242910072e+00, 0.000000000000000e+00, 0.000000000000000e+00, 1.936346494225834e-05, 2.369643977918516e-05, -3.624631872116499e-05, 6.654859915048606e+01, 3.247435155877824e-01, 2.438471097141941e-19
2105, 1.121968030929570e-03, -4.374681971967220e-03, 5.987566899148229e-01, 0.000000000000000e+00, 0.000000000000000e+00, 1.372186604460434e+05, 1.000000000000000e-10, 2.499983495539289e+08, 5.488746417841734e+04, 3.193398619082770e+02, 0.000000000000000e+00, 1.127180964249438e+00, 0.000000000000000e+00, 0.000000000000000e+00, 1.936027505463961e-05, -3.903321955248683e-04, 8.269131465807873e-04, 4.070250237073100e+01, 1.481827290859713e+00, 2.395040783633590e-19
2131, 5.391836166381840e-04, -2.918316749855880e-03, 5.886795030693224e-01, 0.000000000000000e+00, 0.000000000000000e+00, 1.348295756812724e+05, 1.000000000000000e-10, 2.563009818809640e+08, 5.393183027250893e+04, 3.191512794361212e+02, 0.000000000000000e+00, 1.061389222131004e+00, 0.000000000000000e+00, 0.000000000000000e+00, 1.935162016530394e-05, -6.165449663734685e-04, 1.898577110899549e-03, -1.107709935845447e+02, 2.162424790573422e+00, 2.296827469480986e-19
2157, 1.753866672515870e-04, -1.459796912968160e-03, 5.702718415069017e-01, 0.000000000000000e+00, 0.000000000000000e+00, 1.304813837090832e+05, 1.000000000000000e-10, 2.657700502876028e+08, 5.219255348363324e+04, 3.188283726105596e+02, 0.000000000000000e+00, 9.416466624972367e-01, 0.000000000000000e+00, 0.000000000000000e+00, 1.933679465027515e-05, -5.833630965189657e-04, 3.157436990451995e-03, -4.482373423752878e+02, 2.693215510018268e+00, 2.145732893344264e-19
2183, 0.000000000000000e+00, 0.000000000000000e+00, 5.387275995607370e-01, 0.000000000000000e+00, 0.000000000000000e+00, 1.230743394058214e+05, 1.000000000000000e-10, 2.812730072498294e+08, 4.922973576232854e+04, 3.183381034506305e+02, 0.000000000000000e+00, 7.376679858734631e-01, 0.000000000000000e+00, 0.000000000000000e+00, 1.931427086451711e-05, -1.196943627411336e-04, 4.471956422171805e-03, -9.937347054395487e+02, 3.089819978700227e+00, 1.915318332471856e-19
2209, 1.051127910614010e-04, 1.165737863630060e-03, 4.992499795095698e-01, 0.000000000000000e+00, 0.000000000000000e+00, 1.138446206591084e+05, 1.000000000000000e-10, 3.023414501853850e+08, 4.553784826364333e+04, 3.177494410321952e+02, 0.000000000000000e+00, 4.834956414829862e-01, 0.000000000000000e+00, 0.000000000000000e+00, 1.928720403502148e-05, 7.926428349007274e-04, 5.352358575758789e-03, -1.436346689990367e+03, 3.278079639125638e+00, 1.651277947398112e-19
2235, 3.451704978942870e-04, 2.330780262127520e-03, 4.740217499497901e-01, 0.000000000000000e+00, 0.000000000000000e+00, 1.078407748450178e+05, 1.000000000000000e-10, 3.164004979055761e+08, 4.313630993800709e+04, 3.170115364548327e+02, 0.000000000000000e+00, 3.181589061171536e-01, 0.000000000000000e+00, 0.000000000000000e+00, 1.925323996101008e-05, 1.600838732844377e-03, 5.939941960998747e-03, -1.762205605639657e+03, 3.418336627209388e+00, 1.498169454508159e-19
2261, 7.326900959014890e-04, 3.494375152513380e-03, 4.409097275604407e-01, 0.000000000000000e+00, 0.000000000000000e+00, 1.000128191949052e+05, 1.000000000000000e-10, 3.370911126019895e+08, 4.000512767796205e+04, 3.160794970192009e+02, 0.000000000000000e+00, 1.025889744675719e-01, 0.000000000000000e+00, 0.000000000000000e+00, 1.921028439607942e-05, 2.594181152405933e-03, 6.473603270790994e-03, -2.196774626304681e+03, 3.527840997396386e+00, 1.307983332229190e-19
2287, 1.276999711990360e-03, 4.656096920371060e-03, 4.081367345015377e-01, 0.000000000000000e+00, 0.000000000000000e+00, 9.232336757272969e+04, 1.000000000000000e-10, 3.605255851373171e+08, 3.692934702909186e+04, 3.152073157505466e+02, 0.000000000000000e+00, -1.091667679900769e-01, 0.000000000000000e+00, 0.000000000000000e+00, 1.917003085176412e-05, 3.518771252310384e-03, 6.584245147736626e-03, -2.528833143524211e+03, 3.531386968160505e+00, 1.132059968940151e-19
2313, 1.973092555999760e-03, 5.815388169139620e-03, 3.771467501010445e-01, 0.000000000000000e+00, 0.000000000000000e+00, 8.513540101517034e+04, 1.000000000000000e-10, 3.863190444743935e+08, 3.405416040606811e+04, 3.145503356489966e+02, 0.000000000000000e+00, -3.071123784113962e-01, 0.000000000000000e+00, 0.000000000000000e+00, 1.913967311104696e-05, 4.240123902865811e-03, 6.207131069858948e-03, -2.632130828865168e+03, 3.425418988205963e+00, 9.762568657292452e-20
2339, 2.858132123947140e-03, 6.970721762627360e-03, 3.517730140802913e-01, 0.000000000000000e+00, 0.000000000000000e+00, 7.931346442032581e+04, 1.000000000000000e-10, 4.105510628815314e+08, 3.172538576813030e+04, 3.141772521950219e+02, 0.000000000000000e+00, -4.674396119721514e-01, 0.000000000000000e+00, 0.000000000000000e+00, 1.912241974186412e-05, 4.642232516079764e-03, 5.444988468007605e-03, -2.425452307903569e+03, 3.244384175076648e+00, 8.568310663573867e-20
2365, 3.939032554626460e-03, 8.121287450194361e-03, 3.388305546786781e-01, 0.000000000000000e+00, 0.000000000000000e+00, 7.631099279893408e+04, 1.000000000000000e-10, 4.223715916429217e+08, 3.052439711957361e+04, 3.138303011865058e+02, 0.000000000000000e+00, -5.501230904093235e-01, 0.000000000000000e+00, 0.000000000000000e+00, 1.910636580717202e-05, 4.873115738160148e-03, 4.810022587538384e-03, -2.102870915821319e+03, 3.131555749994859e+00, 8.022093955996091e-20
2391, 5.185037851333620e-03, 9.267500601708891e-03, 3.359105908310782e-01, 0.000000000000000e+00, 0.000000000000000e+00, 7.558080827296979e+04, 1.000000000000000e-10, 4.218608514802744e+08, 3.023232330918790e+04, 3.135293281624579e+02, 0.000000000000000e+00, -5.702312559878341e-01, 0.000000000000000e+00, 0.000000000000000e+00, 1.909243225280852e-05, 5.099429369570655e-03, 4.491835539257694e-03, -1.928772555008710e+03, 3.123073553048454e+00, 7.962590018061714e-20
2417, 6.539613008499150e-03, 1.041201036423440e-02, 3.316260851396513e-01, 0.000000000000000e+00, 0.000000000000000e+00, 7.463097423361680e+04, 1.000000000000000e-10, 4.234804873615950e+08, 2.985238969344670e+04, 3.135889590528303e+02, 0.000000000000000e+00, -5.963882333767936e-01, 0.000000000000000e+00, 0.000000000000000e+00, 1.909519339005365e-05, 5.220535009813575e-03, 4.267663572264897e-03, -2.024672780693534e+03, 3.104701682327374e+00, 7.830962979309403e-20
2443, 7.984459400177000e-03, 1.155596133321520e-02, 3.172351949183632e-01, 0.000000000000000e+00, 0.000000000000000e+00, 7.128721741352759e+04, 1.000000000000000e-10, 4.377698641899974e+08, 2.851488696541102e+04, 3.131270860990009e+02, 0.000000000000000e+00, -6.884701844477717e-01, 0.000000000000000e+00, 0.000000000000000e+00, 1.907380014905626e-05, 5.754649107095893e-03, 4.327596172452128e-03, -2.336972001818878e+03, 3.155827792011773e+00, 7.246618505699032e-20
2469, 9.577721357345579e-03, 1.269672065973280e-02, 2.976931418679241e-01, 0.000000000000000e+00, 0.000000000000000e+00, 6.674747543886704e+04, 1.000000000000000e-10, 4.611829987886100e+08, 2.669899017554680e+04, 3.124326059260374e+02, 0.000000000000000e+00, -8.134877383183327e-01, 0.000000000000000e+00, 0.000000000000000e+00, 1.904160361839853e-05, 6.281878623485516e-03, 4.257073787154239e-03, -2.577884148642857e+03, 3.157864637783578e+00, 6.454988085873242e-20
2495, 1.134461164474490e-02, 1.383305341005330e-02, 2.808239012179130e-01, 0.000000000000000e+00, 0.000000000000000e+00, 6.285018947709927e+04, 1.000000000000000e-10, 4.839819488368447e+08, 2.514007579083969e+04, 3.118622871755812e+02, 0.000000000000000e+00, -9.208130357457739e-01, 0.000000000000000e+00, 0.000000000000000e+00, 1.901513692626117e-05, 6.527753525725316e-03, 3.991882768667719e-03, -2.605117946468361e+03, 3.097294099793842e+00, 5.802361959971699e-20
2521, 1.328635215759280e-02, 1.496464014053340e-02, 2.674042962527549e-01, 0.000000000000000e+00, 0.000000000000000e+00, 5.976396008740996e+04, 1.000000000000000e-10, 5.036046351702338e+08, 2.390558403496397e+04, 3.114306291301593e+02, 0.000000000000000e+00, -1.005803075077523e+00, 0.000000000000000e+00, 0.000000000000000e+00, 1.899508919825345e-05, 6.587401291261803e-03, 3.646913608542485e-03, -2.489589069609656e+03, 3.013995667064140e+00, 5.309805145745182e-20
2547, 1.542121171951290e-02, 1.608993858098980e-02, 2.574120936448076e-01, 0.000000000000000e+00, 0.000000000000000e+00, 5.747692042046574e+04, 1.000000000000000e-10, 5.189595042836974e+08, 2.299076816818628e+04, 3.111393073460827e+02, 0.000000000000000e+00, -1.068784651202824e+00, 0.000000000000000e+00, 0.000000000000000e+00, 1.898155145591729e-05, 6.516210045173830e-03, 3.279288126192464e-03, -2.281118588536755e+03, 2.924249937844227e+00, 4.960156827674527e-20
2573, 1.774638891220090e-02, 1.720915734767910e-02, 2.514199174929477e-01, 0.000000000000000e+00, 0.000000000000000e+00, 5.608872832245838e+04, 1.000000000000000e-10, 5.272768902970696e+08, 2.243549132898334e+04, 3.108610077946949e+02, 0.000000000000000e+00, -1.107013339389072e+00, 0.000000000000000e+00, 0.000000000000000e+00, 1.896861303404963e-05, 6.461023101554741e-03, 2.996567670031201e-03, -2.077593452636265e+03, 2.868147860468522e+00, 4.768270457213727e-20
2599, 2.023851871490480e-02, 1.832416467368600e-02, 2.474389115978596e-01, 0.000000000000000e+00, 0.000000000000000e+00, 5.516505642235259e+04, 1.000000000000000e-10, 5.319143422147479e+08, 2.206602256894103e+04, 3.106607644991283e+02, 0.000000000000000e+00, -1.132449851458425e+00, 0.000000000000000e+00, 0.000000000000000e+00, 1.895930000112780e-05, 6.404106456479859e-03, 2.759269998301494e-03, -1.923661420386676e+03, 2.826785078098147e+00, 4.651855764700493e-20
2625, 2.291005849838260e-02, 1.943397335708140e-02, 2.440509494469351e-01, 0.000000000000000e+00, 0.000000000000000e+00, 5.439924939912297e+04, 1.000000000000000e-10, 5.358598006555221e+08, 2.175969975964917e+04, 3.106009233198964e+02, 0.000000000000000e+00, -1.153539006153879e+00, 0.000000000000000e+00, 0.000000000000000e+00, 1.895651629966212e-05, 6.296107918572856e-03, 2.521995620569169e-03, -1.797772158376301e+03, 2.778237618115182e+00, 4.554380100259621e-20
2651, 2.576607465744020e-02, 2.053830586373810e-02, 2.418518360132895e-01, 0.000000000000000e+00, 0.000000000000000e+00, 5.390745580722728e+04, 1.000000000000000e-10, 5.374526649132711e+08, 2.156298232289090e+04, 3.105916554321952e+02, 0.000000000000000e+00, -1.167082249847286e+00, 0.000000000000000e+00, 0.000000000000000e+00, 1.895608515101491e-05, 6.185371048079538e-03, 2.316714967679691e-03, -1.686002767743598e+03, 2.738028311153983e+00, 4.499964862952474e-20
2677, 2.879580855369570e-02, 2.163846604526040e-02, 2.407714633613529e-01, 0.000000000000000e+00, 0.000000000000000e+00, 5.366911694057959e+04, 1.000000000000000e-10, 5.368541404151794e+08, 2.146764677623182e+04, 3.106059521521062e+02, 0.000000000000000e+00, -1.173645737875216e+00, 0.000000000000000e+00, 0.000000000000000e+00, 1.895675024182288e-05, 6.088879335830111e-03, 2.148424429638250e-03, -1.594709282748536e+03, 2.708907122935666e+00, 4.484857661388278e-20
2703, 3.199326992034910e-02, 2.273553423583510e-02, 2.400792874647521e-01, 0.000000000000000e+00, 0.000000000000000e+00, 5.353101753015211e+04, 1.000000000000000e-10, 5.358937463620152e+08, 2.141240701206083e+04, 3.106999202611398e+02, 0.000000000000000e+00, -1.177448784519492e+00, 0.000000000000000e+00, 0.000000000000000e+00, 1.896112131240387e-05, 5.957011099750682e-03, 1.983538315228748e-03, -1.507583938635303e+03, 2.673684752945573e+00, 4.479978884505879e-20
2729, 3.537228703498840e-02, 2.382827177643780e-02, 2.402581306223205e-01, 0.000000000000000e+00, 0.000000000000000e+00, 5.359375250671861e+04, 1.000000000000000e-10, 5.330567902447371e+08, 2.143750100268743e+04, 3.108324913679250e+02, 0.000000000000000e+00, -1.175721159170684e+00, 0.000000000000000e+00, 0.000000000000000e+00, 1.896728695545535e-05, 5.805377482135017e-03, 1.831769704114401e-03, -1.409008901038856e+03, 2.639634757840695e+00, 4.507176653337191e-20
2755, 3.891497850418090e-02, 2.491953969001770e-02, 2.417392095674786e-01, 0.000000000000000e+00, 0.000000000000000e+00, 5.394313130792285e+04, 1.000000000000000e-10, 5.276365763187969e+08, 2.157725252316913e+04, 3.109420029835164e+02, 0.000000000000000e+00, -1.166099801096903e+00, 0.000000000000000e+00, 0.000000000000000e+00, 1.897237916805835e-05, 5.693171962042555e-03, 1.724173374660000e-03, -1.331684536383122e+03, 2.622615466066072e+00, 4.581547286422731e-20
2781, 4.259017109870910e-02, 2.601420320570470e-02, 2.425517925933207e-01, 0.000000000000000e+00, 0.000000000000000e+00, 5.413768109960220e+04, 1.000000000000000e-10, 5.237706179468785e+08, 2.165507243984087e+04, 3.110179808021103e+02, 0.000000000000000e+00, -1.160742197251235e+00, 0.000000000000000e+00, 0.000000000000000e+00, 1.897591156469040e-05, 5.628277241950351e-03, 1.631141393466469e-03, -1.289477930024961e+03, 2.612494907151400e+00, 4.630877881024201e-20
2807, 4.645630717277530e-02, 2.710510604083540e-02, 2.427956074979696e-01, 0.000000000000000e+00, 0.000000000000000e+00, 5.420056712128222e+04, 1.000000000000000e-10, 5.214208889259481e+08, 2.168022684851288e+04, 3.110665710347661e+02, 0.000000000000000e+00, -1.159010412350910e+00, 0.000000000000000e+00, 0.000000000000000e+00, 1.897817042226960e-05, 5.579100359097603e-03, 1.540391715309386e-03, -1.250964231656248e+03, 2.602203699264098e+00, 4.656422450208489e-20
2833, 5.049252510070800e-02, 2.819604612886910e-02, 2.435866246773093e-01, 0.000000000000000e+00, 0.000000000000000e+00, 5.438610907997441e+04, 1.000000000000000e-10, 5.180742618701772e+08, 2.175444363198975e+04, 3.111178210314290e+02, 0.000000000000000e+00, -1.153900870455022e+00, 0.000000000000000e+00, 0.000000000000000e+00, 1.898055273865037e-05, 5.516454428242027e-03, 1.461155907052733e-03, -1.207988372519253e+03, 2.592206090629207e+00, 4.701770184906751e-20
2859, 5.469727516174320e-02, 2.928791008889680e-02, 2.442595350371387e-01, 0.000000000000000e+00, 0.000000000000000e+00, 5.454981370144676e+04, 1.000000000000000e-10, 5.150923183692132e+08, 2.181992548057869e+04, 3.111946214996506e+02, 0.000000000000000e+00, -1.149392695442431e+00, 0.000000000000000e+00, 0.000000000000000e+00, 1.898412238760699e-05, 5.445060497322516e-03, 1.381557872940610e-03, -1.168400760123258e+03, 2.579228370963666e+00, 4.742053314636038e-20
2885, 5.909299850463870e-02, 3.037821687757970e-02, 2.452737930558657e-01, 0.000000000000000e+00, 0.000000000000000e+00, 5.479401258767386e+04, 1.000000000000000e-10, 5.116141576610998e+08, 2.191760503506953e+04, 3.112951070517589e+02, 0.000000000000000e+00, -1.142667831433764e+00, 0.000000000000000e+00, 0.000000000000000e+00, 1.898879225362769e-05, 5.353043520592955e-03, 1.303893639049536e-03, -1.119410108970433e+03, 2.562841188156087e+00, 4.794116411900840e-20
2911, 6.365954875946039e-02, 3.147093951702120e-02, 2.468529749388237e-01, 0.000000000000000e+00, 0.000000000000000e+00, 5.516394822056490e+04, 1.000000000000000e-10, 5.071831981060581e+08, 2.206557928822594e+04, 3.113919013649203e+02, 0.000000000000000e+00, -1.132480369641499e+00, 0.000000000000000e+00, 0.000000000000000e+00, 1.899328987558809e-05, 5.270087322155951e-03, 1.242366116026696e-03, -1.077673450595545e+03, 2.551578236365500e+00, 4.867136114144621e-20
2937, 6.838649511337280e-02, 3.256905823946000e-02, 2.478878381678424e-01, 0.000000000000000e+00, 0.000000000000000e+00, 5.540430848417380e+04, 1.000000000000000e-10, 5.038513368539126e+08, 2.216172339366951e+04, 3.114430582453698e+02, 0.000000000000000e+00, -1.125861215431459e+00, 0.000000000000000e+00, 0.000000000000000e+00, 1.899566664146391e-05, 5.224440219656411e-03, 1.186614768235723e-03, -1.049453467967315e+03, 2.546414376065955e+00, 4.919860523276764e-20
2963, 7.332068681716920e-02, 3.366525098681450e-02, 2.487305209748877e-01, 0.000000000000000e+00, 0.000000000000000e+00, 5.560130021264670e+04, 1.000000000000000e-10, 5.013428590440078e+08, 2.224052008505867e+04, 3.114915032360021e+02, 0.000000000000000e+00, -1.120436364379598e+00, 0.000000000000000e+00, 0.000000000000000e+00, 1.899791723497536e-05, 5.182222590944227e-03, 1.132683785967399e-03, -1.025100830561267e+03, 2.540066480109108e+00, 4.961285662112002e-20
2989, 7.843562960624691e-02, 3.476550802588460e-02, 2.496348069239117e-01, 0.000000000000000e+00, 0.000000000000000e+00, 5.581443988918279e+04, 1.000000000000000e-10, 4.984032366192874e+08, 2.232577595567310e+04, 3.115528783805386e+02, 0.000000000000000e+00, -1.114566823524185e+00, 0.000000000000000e+00, 0.000000000000000e+00, 1.900076827326457e-05, 5.126923379113304e-03, 1.081419442139040e-03, -1.001646070536743e+03, 2.531833345110827e+00, 5.008691401769356e-20
3015, 8.375442028045650e-02, 3.586603328585620e-02, 2.501695965956071e-01, 0.000000000000000e+00, 0.000000000000000e+00, 5.594139118113744e+04, 1.000000000000000e-10, 4.965938502987700e+08, 2.237655647245496e+04, 3.115939888405742e+02, 0.000000000000000e+00, -1.111070779020011e+00, 0.000000000000000e+00, 0.000000000000000e+00, 1.900267780866431e-05, 5.090912814880971e-03, 1.033683771204103e-03, -9.841157175657409e+02, 2.525477038930608e+00, 5.037710212662083e-20
3041, 8.928063511848450e-02, 3.696753084659580e-02, 2.504812179948008e-01, 0.000000000000000e+00, 0.000000000000000e+00, 5.601779103924319e+04, 1.000000000000000e-10, 4.953660354748601e+08, 2.240711641569727e+04, 3.116313559908122e+02, 0.000000000000000e+00, -1.108966843723743e+00, 0.000000000000000e+00, 0.000000000000000e+00, 1.900441336392580e-05, 5.060216398532868e-03, 9.901589919757579e-04, -9.736073053785441e+02, 2.519121758525992e+00, 5.056487439962385e-20
3067, 9.501701593399051e-02, 3.806984424591060e-02, 2.502722186360441e-01, 0.000000000000000e+00, 0.000000000000000e+00, 5.597081705603527e+04, 1.000000000000000e-10, 4.949851425420423e+08, 2.238832682241410e+04, 3.116300574664065e+02, 0.000000000000000e+00, -1.110260435410009e+00, 0.000000000000000e+00, 0.000000000000000e+00, 1.900435305435772e-05, 5.045594283150111e-03, 9.449288030829989e-04, -9.610887899641771e+02, 2.514533324093428e+00, 5.056156121168893e-20
3093, 1.010102331638340e-01, 3.916422650218010e-02, 2.503520350104751e-01, 0.000000000000000e+00, 0.000000000000000e+00, 5.598943404039984e+04, 1.000000000000000e-10, 4.944080865357965e+08, 2.239577361615992e+04, 3.116343258263453e+02, 0.000000000000000e+00, -1.109747752121245e+00, 0.000000000000000e+00, 0.000000000000000e+00, 1.900455129656223e-05, 5.013773576290000e-03, 9.020166671533346e-04, -9.414850509360126e+02, 2.506464674091844e+00, 5.063671913566938e-20
3119, 1.072062253952030e-01, 4.026277735829350e-02, 2.505282545354874e-01, 0.000000000000000e+00, 0.000000000000000e+00, 5.603254728463417e+04, 1.000000000000000e-10, 4.932868819311622e+08, 2.241301891385366e+04, 3.116549221124365e+02, 0.000000000000000e+00, -1.108560479284224e+00, 0.000000000000000e+00, 0.000000000000000e+00, 1.900550786373843e-05, 4.972142325230539e-03, 8.600774394968573e-04, -9.235107200791585e+02, 2.497392171456235e+00, 5.078753669402912e-20
3145, 1.136637628078460e-01, 4.135302454233170e-02, 2.506534085358467e-01, 0.000000000000000e+00, 0.000000000000000e+00, 5.606875675247806e+04, 1.000000000000000e-10, 4.925867263424133e+08, 2.242750270099121e+04, 3.117006071100258e+02, 0.000000000000000e+00, -1.107563325894876e+00, 0.000000000000000e+00, 0.000000000000000e+00, 1.900762953181472e-05, 4.916881980048166e-03, 8.146785931395389e-04, -9.018229888774335e+02, 2.483694992614239e+00, 5.088513350493099e-20
3171, 1.203565001487730e-01, 4.244164749979970e-02, 2.512741578902080e-01, 0.000000000000000e+00, 0.000000000000000e+00, 5.621701945819305e+04, 1.000000000000000e-10, 4.913239119972634e+08, 2.248680778327721e+04, 3.117527740965702e+02, 0.000000000000000e+00, -1.103480397635478e+00, 0.000000000000000e+00, 0.000000000000000e+00, 1.901005204440131e-05, 4.864912110670141e-03, 7.790395863297799e-04, -8.819000417346300e+02, 2.472538230837162e+00, 5.114226283105062e-20
3197, 1.272729039192200e-01, 4.353231564164160e-02, 2.514118578716231e-01, 0.000000000000000e+00, 0.000000000000000e+00, 5.625319368607760e+04, 1.000000000000000e-10, 4.906088200216369e+08, 2.250127747443103e+04, 3.117825201254990e+02, 0.000000000000000e+00, -1.102484214700737e+00, 0.000000000000000e+00, 0.000000000000000e+00, 1.901143329096635e-05, 4.837909034695673e-03, 7.469904196452055e-04, -8.758174517896548e+02, 2.466322497387859e+00, 5.124487387006370e-20
3223, 1.344466507434840e-01, 4.461721703410150e-02, 2.507059784405085e-01, 0.000000000000000e+00, 0.000000000000000e+00, 5.608713603568076e+04, 1.000000000000000e-10, 4.915981752540440e+08, 2.243485441427229e+04, 3.117374011223800e+02, 0.000000000000000e+00, -1.107057188532726e+00, 0.000000000000000e+00, 0.000000000000000e+00, 1.900933818024242e-05, 4.849081627521438e-03, 7.145042584099870e-04, -8.734861147031462e+02, 2.465528599715495e+00, 5.099815458645091e-20
3249, 1.419069468975070e-01, 4.568861797451970e-02, 2.497462657277692e-01, 0.000000000000000e+00, 0.000000000000000e+00, 5.586386033143386e+04, 1.000000000000000e-10, 4.930502760114924e+08, 2.234554413257353e+04, 3.116895748671843e+02, 0.000000000000000e+00, -1.113205860095885e+00, 0.000000000000000e+00, 0.000000000000000e+00, 1.900711719475818e-05, 4.850784614527498e-03, 6.791795760448446e-04, -8.688216412115012e+02, 2.461207394433868e+00, 5.065331142314991e-20
3275, 1.496536135673520e-01, 4.674641042947770e-02, 2.489383745932228e-01, 0.000000000000000e+00, 0.000000000000000e+00, 5.567839452291646e+04, 1.000000000000000e-10, 4.941994790538905e+08, 2.227135780916657e+04, 3.116629600077836e+02, 0.000000000000000e+00, -1.118313304932374e+00, 0.000000000000000e+00, 0.000000000000000e+00, 1.900588116468320e-05, 4.833400766378395e-03, 6.444031357235393e-04, -8.609836895969052e+02, 2.452939076559371e+00, 5.037205008459328e-20
3301, 1.576814949512480e-01, 4.779172688722610e-02, 2.481148037556305e-01, 0.000000000000000e+00, 0.000000000000000e+00, 5.549535955008465e+04, 1.000000000000000e-10, 4.957255081284798e+08, 2.219814382003385e+04, 3.116695177006811e+02, 0.000000000000000e+00, -1.123353808270211e+00, 0.000000000000000e+00, 0.000000000000000e+00, 1.900618571763437e-05, 4.793375620959133e-03, 6.052931754945817e-04, -8.466740172731178e+02, 2.437941382162014e+00, 5.005085354440307e-20
3327, 1.660248339176180e-01, 4.881371930241580e-02, 2.478833615996455e-01, 0.000000000000000e+00, 0.000000000000000e+00, 5.544503291943754e+04, 1.000000000000000e-10, 4.958818687544149e+08, 2.217801316777500e+04, 3.116776101830484e+02, 0.000000000000000e+00, -1.124739726741606e+00, 0.000000000000000e+00, 0.000000000000000e+00, 1.900656154506699e-05, 4.748226181115397e-03, 5.714706921985746e-04, -8.236785909384213e+02, 2.425231222211350e+00, 4.998840102887377e-20
3353, 1.746245622634890e-01, 4.983090236783030e-02, 2.481822771801711e-01, 0.000000000000000e+00, 0.000000000000000e+00, 5.551260259830769e+04, 1.000000000000000e-10, 4.952727873186701e+08, 2.220504103932306e+04, 3.116815969580082e+02, 0.000000000000000e+00, -1.122878961082387e+00, 0.000000000000000e+00, 0.000000000000000e+00, 1.900674669531421e-05, 4.709141810267488e-03, 5.451407923801275e-04, -8.007576644676282e+02, 2.416129470937475e+00, 5.011023261256174e-20
3379, 1.835020482540130e-01, 5.083692073822020e-02, 2.483791040925088e-01, 0.000000000000000e+00, 0.000000000000000e+00, 5.555941600729276e+04, 1.000000000000000e-10, 4.947056213403205e+08, 2.222376640291709e+04, 3.116972370022818e+02, 0.000000000000000e+00, -1.121589791364741e+00, 0.000000000000000e+00, 0.000000000000000e+00, 1.900747302504960e-05, 4.671475582777557e-03, 5.183548391706781e-04, -7.826461565221771e+02, 2.407195335393448e+00, 5.020747228042992e-20
3405, 1.926559209823610e-01, 5.183169245719910e-02, 2.487201360884259e-01, 0.000000000000000e+00, 0.000000000000000e+00, 5.563984993556084e+04, 1.000000000000000e-10, 4.941740603582460e+08, 2.225593997422432e+04, 3.117204826258827e+02, 0.000000000000000e+00, -1.119374763943271e+00, 0.000000000000000e+00, 0.000000000000000e+00, 1.900855252771101e-05, 4.632495931532322e-03, 4.954977726189133e-04, -7.669278592021764e+02, 2.397894274906458e+00, 5.033049224596346e-20
3431, 2.020680904388430e-01, 5.282276868820190e-02, 2.488663060953135e-01, 0.000000000000000e+00, 0.000000000000000e+00, 5.567526046375078e+04, 1.000000000000000e-10, 4.936670817181134e+08, 2.227010418550030e+04, 3.117356654596089e+02, 0.000000000000000e+00, -1.118399612130617e+00, 0.000000000000000e+00, 0.000000000000000e+00, 1.900925758138370e-05, 4.602655023478419e-03, 4.726846493937908e-04, -7.554330248996230e+02, 2.390851609645042e+00, 5.041179297727371e-20
3457, 2.117756903171540e-01, 5.379525944590570e-02, 2.489592152789334e-01, 0.000000000000000e+00, 0.000000000000000e+00, 5.570036412667047e+04, 1.000000000000000e-10, 4.935906571942075e+08, 2.228014565066817e+04, 3.117598361177180e+02, 0.000000000000000e+00, -1.117708295630929e+00, 0.000000000000000e+00, 0.000000000000000e+00, 1.901037997278140e-05, 4.569427944023546e-03, 4.503441557604093e-04, -7.454847156798514e+02, 2.381868734960533e+00, 5.043842608624465e-20
3483, 2.217475175857540e-01, 5.476229265332220e-02, 2.488433928870368e-01, 0.000000000000000e+00, 0.000000000000000e+00, 5.567909127993642e+04, 1.000000000000000e-10, 4.935788211233366e+08, 2.227163651197455e+04, 3.117858211095257e+02, 0.000000000000000e+00, -1.118294117309209e+00, 0.000000000000000e+00, 0.000000000000000e+00, 1.901158656702033e-05, 4.540402089636523e-03, 4.280923432887096e-04, -7.410265675253826e+02, 2.373786075711626e+00, 5.041617461668241e-20
3509, 2.320270836353300e-01, 5.570466443896290e-02, 2.482115215546285e-01, 0.000000000000000e+00, 0.000000000000000e+00, 5.553652644200360e+04, 1.000000000000000e-10, 4.949749869341233e+08, 2.221461057680142e+04, 3.117791817343467e+02, 0.000000000000000e+00, -1.122220135000478e+00, 0.000000000000000e+00, 0.000000000000000e+00, 1.901127827715851e-05, 4.532423120187857e-03, 4.045596871211453e-04, -7.416383876420686e+02, 2.367832871584840e+00, 5.014631460437618e-20
3535, 2.426079511642460e-01, 5.662427470088010e-02, 2.469834459329137e-01, 0.000000000000000e+00, 0.000000000000000e+00, 5.525281229361115e+04, 1.000000000000000e-10, 4.971543010790943e+08, 2.210112491744445e+04, 3.117287649593087e+02, 0.000000000000000e+00, -1.130033188920386e+00, 0.000000000000000e+00, 0.000000000000000e+00, 1.900893714111784e-05, 4.541728821743820e-03, 3.791640423196140e-04, -7.461993438818257e+02, 2.364605710550339e+00, 4.967947865869200e-20
3561, 2.535301446914670e-01, 5.749983713030820e-02, 2.451598495877130e-01, 0.000000000000000e+00, 0.000000000000000e+00, 5.482852597161400e+04, 1.000000000000000e-10, 5.005837826323469e+08, 2.193141038864559e+04, 3.116359565117006e+02, 0.000000000000000e+00, -1.141717385602244e+00, 0.000000000000000e+00, 0.000000000000000e+00, 1.900462703271355e-05, 4.564370098016419e-03, 3.501777462634151e-04, -7.510812207867979e+02, 2.361961503626968e+00, 4.897483798779621e-20
3587, 2.647941112518310e-01, 5.832639336586000e-02, 2.432236196937762e-01, 0.000000000000000e+00, 0.000000000000000e+00, 5.438455765286423e+04, 1.000000000000000e-10, 5.047314619155203e+08, 2.175382306114568e+04, 3.115732681166099e+02, 0.000000000000000e+00, -1.153943594385899e+00, 0.000000000000000e+00, 0.000000000000000e+00, 1.900171536944813e-05, 4.562286465018522e-03, 3.182016910800659e-04, -7.510653174861006e+02, 2.351284173202181e+00, 4.818877241064257e-20
3613, 2.764054536819460e-01, 5.909530073404310e-02, 2.417273970492790e-01, 0.000000000000000e+00, 0.000000000000000e+00, 5.404248292709196e+04, 1.000000000000000e-10, 5.074892201394020e+08, 2.161699317083677e+04, 3.115299139434686e+02, 0.000000000000000e+00, -1.163363809388358e+00, 0.000000000000000e+00, 0.000000000000000e+00, 1.899970154659473e-05, 4.537510839423962e-03, 2.882851736550265e-04, -7.401386295342292e+02, 2.338190670806235e+00, 4.763208645901429e-20
3639, 2.883291840553280e-01, 5.982166528701780e-02, 2.408815531159523e-01, 0.000000000000000e+00, 0.000000000000000e+00, 5.384521024666230e+04, 1.000000000000000e-10, 5.092130731903629e+08, 2.153808409866491e+04, 3.114826572649719e+02, 0.000000000000000e+00, -1.168796397427605e+00, 0.000000000000000e+00, 0.000000000000000e+00, 1.899750629336628e-05, 4.516221334294097e-03, 2.645432652309108e-04, -7.243998264931402e+02, 2.328574830079896e+00, 4.730473513197843e-20
3665, 3.005529642105100e-01, 6.050977110862730e-02, 2.403059848530109e-01, 0.000000000000000e+00, 0.000000000000000e+00, 5.371074257065548e+04, 1.000000000000000e-10, 5.105623725300425e+08, 2.148429702826218e+04, 3.114489752210950e+02, 0.000000000000000e+00, -1.172499431657934e+00, 0.000000000000000e+00, 0.000000000000000e+00, 1.899594153375463e-05, 4.489242297717793e-03, 2.424821251171504e-04, -7.086195744019153e+02, 2.318386532323765e+00, 4.706699485884212e-20
3691, 3.130726814270020e-01, 6.115816161036490e-02, 2.397839359743566e-01, 0.000000000000000e+00, 0.000000000000000e+00, 5.359092994319207e+04, 1.000000000000000e-10, 5.116069503385140e+08, 2.143637197727681e+04, 3.114307883790640e+02, 0.000000000000000e+00, -1.175798888255223e+00, 0.000000000000000e+00, 0.000000000000000e+00, 1.899509659685652e-05, 4.459181184717742e-03, 2.211672557700923e-04, -6.965335858945830e+02, 2.308081555611717e+00, 4.686886224054585e-20
3717, 3.258830904960630e-01, 6.176609918475150e-02, 2.390987881610861e-01, 0.000000000000000e+00, 0.000000000000000e+00, 5.343404320061240e+04, 1.000000000000000e-10, 5.129642778628814e+08, 2.137361728024495e+04, 3.114088845557408e+02, 0.000000000000000e+00, -1.180119309305914e+00, 0.000000000000000e+00, 0.000000000000000e+00, 1.899407894164514e-05, 4.437717157900253e-03, 1.990682809360279e-04, -6.889388973079258e+02, 2.299302348075783e+00, 4.661128670397691e-20
3743, 3.389919400215150e-01, 6.232085451483730e-02, 2.382609551116501e-01, 0.000000000000000e+00, 0.000000000000000e+00, 5.324258692530086e+04, 1.000000000000000e-10, 5.145153897917681e+08, 2.129703477012033e+04, 3.113842248525041e+02, 0.000000000000000e+00, -1.185391722440012e+00, 0.000000000000000e+00, 0.000000000000000e+00, 1.899293320566457e-05, 4.419311028986087e-03, 1.762153603032074e-04, -6.834824451203390e+02, 2.290913805485390e+00, 4.630793631909360e-20
3769, 3.523894548416140e-01, 6.282301247119899e-02, 2.372775367444522e-01, 0.000000000000000e+00, 0.000000000000000e+00, 5.301865535458268e+04, 1.000000000000000e-10, 5.164842162730657e+08, 2.120746214183306e+04, 3.113597146331447e+02, 0.000000000000000e+00, -1.191558455563137e+00, 0.000000000000000e+00, 0.000000000000000e+00, 1.899179437075378e-05, 4.403725387862708e-03, 1.538491439095720e-04, -6.814819153508778e+02, 2.282377594738011e+00, 4.594101326728879e-20
3795, 3.660713136196140e-01, 6.326690316200261e-02, 2.359156456652950e-01, 0.000000000000000e+00, 0.000000000000000e+00, 5.270470108897548e+04, 1.000000000000000e-10, 5.195715115824881e+08, 2.108188043559018e+04, 3.113027430295452e+02, 0.000000000000000e+00, -1.200204276081686e+00, 0.000000000000000e+00, 0.000000000000000e+00, 1.898914709018090e-05, 4.404358537666213e-03, 1.295026069602320e-04, -6.814484632846195e+02, 2.275704485018456e+00, 4.540592172328632e-20
3821, 3.800389170646670e-01, 6.363599747419360e-02, 2.343129604999711e-01, 0.000000000000000e+00, 0.000000000000000e+00, 5.233512432782304e+04, 1.000000000000000e-10, 5.232519602909552e+08, 2.093404973112920e+04, 3.112341800245499e+02, 0.000000000000000e+00, -1.210381855094894e+00, 0.000000000000000e+00, 0.000000000000000e+00, 1.898596087981758e-05, 4.405550290777492e-03, 1.026216989157300e-04, -6.798687722419870e+02, 2.268002031855115e+00, 4.478026079503241e-20
3847, 3.942807912826540e-01, 6.392400711774830e-02, 2.329239800706090e-01, 0.000000000000000e+00, 0.000000000000000e+00, 5.201442435818034e+04, 1.000000000000000e-10, 5.264057564080107e+08, 2.080576974327213e+04, 3.111715840483865e+02, 0.000000000000000e+00, -1.219213441990114e+00, 0.000000000000000e+00, 0.000000000000000e+00, 1.898305166340913e-05, 4.394203999941925e-03, 7.768762481217707e-05, -6.736231701960960e+02, 2.258345125650014e+00, 4.424812121427157e-20
3873, 4.087766110897060e-01, 6.414406746625900e-02, 2.316540489971060e-01, 0.000000000000000e+00, 0.000000000000000e+00, 5.172223748186175e+04, 1.000000000000000e-10, 5.286019952715256e+08, 2.068889499274469e+04, 3.111198674837462e+02, 0.000000000000000e+00, -1.227259821884461e+00, 0.000000000000000e+00, 0.000000000000000e+00, 1.898064786239315e-05, 4.373678069917441e-03, 5.409817170299636e-05, -6.667916671966605e+02, 2.248453321829951e+00, 4.382404419888865e-20
3899, 4.235162138938900e-01, 6.428562104702000e-02, 2.302824253227600e-01, 0.000000000000000e+00, 0.000000000000000e+00, 5.140859215537605e+04, 1.000000000000000e-10, 5.317253847791365e+08, 2.056343686215041e+04, 3.110751022593648e+02, 0.000000000000000e+00, -1.235897134691894e+00, 0.000000000000000e+00, 0.000000000000000e+00, 1.897856700302520e-05, 4.357651180276864e-03, 3.031025022871357e-05, -6.636390516890532e+02, 2.237806332599948e+00, 4.330867007846739e-20
3925, 4.384851455688480e-01, 6.435070931911470e-02, 2.286855321523590e-01, 0.000000000000000e+00, 0.000000000000000e+00, 5.104273327607869e+04, 1.000000000000000e-10, 5.353992220584711e+08, 2.041709331043146e+04, 3.110180321310092e+02, 0.000000000000000e+00, -1.245972328922509e+00, 0.000000000000000e+00, 0.000000000000000e+00, 1.897591395095437e-05, 4.350182747991056e-03, 5.844552040358166e-06, -6.643895032824037e+02, 2.228335586814159e+00, 4.271323791925622e-20
3951, 4.536674916744230e-01, 6.432612985372541e-02, 2.266821390254923e-01, 0.000000000000000e+00, 0.000000000000000e+00, 5.057937353406576e+04, 1.000000000000000e-10, 5.399784005060844e+08, 2.023174941362629e+04, 3.109184403466804e+02, 0.000000000000000e+00, -1.258732547858274e+00, 0.000000000000000e+00, 0.000000000000000e+00, 1.897128359659313e-05, 4.357827891925920e-03, -2.310329545234235e-05, -6.651565784952653e+02, 2.221090552287260e+00, 4.198001138027352e-20
3977, 4.690417945384980e-01, 6.418871134519580e-02, 2.246350551798436e-01, 0.000000000000000e+00, 0.000000000000000e+00, 5.010819334440823e+04, 1.000000000000000e-10, 5.447317211040606e+08, 2.004327733776328e+04, 3.108290138483038e+02, 0.000000000000000e+00, -1.271708129966694e+00, 0.000000000000000e+00, 0.000000000000000e+00, 1.896712523880487e-05, 4.354270967881012e-03, -5.228731009184232e-05, -6.654870404362889e+02, 2.210780261601168e+00, 4.123790596678231e-20
4003, 4.845884144306180e-01, 6.395482271909710e-02, 2.225270517429478e-01, 0.000000000000000e+00, 0.000000000000000e+00, 4.962585932735237e+04, 1.000000000000000e-10, 5.496558575817504e+08, 1.985034373094094e+04, 3.107531665460170e+02, 0.000000000000000e+00, -1.284990871430298e+00, 0.000000000000000e+00, 0.000000000000000e+00, 1.896359785646417e-05, 4.344035369075741e-03, -8.117920059484923e-05, -6.698030157860188e+02, 2.198576715702236e+00, 4.048496610707509e-20
4029, 5.002762079238890e-01, 6.360501796007161e-02, 2.200721098055703e-01, 0.000000000000000e+00, 0.000000000000000e+00, 4.906323217608769e+04, 1.000000000000000e-10, 5.554344460585396e+08, 1.962529287043507e+04, 3.106572437966609e+02, 0.000000000000000e+00, -1.300484763062218e+00, 0.000000000000000e+00, 0.000000000000000e+00, 1.895913623183064e-05, 4.342078887537593e-03, -1.132637876760089e-04, -6.817474299483351e+02, 2.187018622949151e+00, 3.962179350160113e-20
4055, 5.160748958587650e-01, 6.313349306583400e-02, 2.174088818818626e-01, 0.000000000000000e+00, 0.000000000000000e+00, 4.846462166856829e+04, 1.000000000000000e-10, 5.619741702318869e+08, 1.938584866742730e+04, 3.106260549037105e+02, 0.000000000000000e+00, -1.316969581315989e+00, 0.000000000000000e+00, 0.000000000000000e+00, 1.895768540677275e-05, 4.324384233343423e-03, -1.447118920039265e-04, -7.137252614780223e+02, 2.170057914426978e+00, 3.868680809525389e-20
4081, 5.319590568542480e-01, 6.254477798938750e-02, 2.145606098404822e-01, 0.000000000000000e+00, 0.000000000000000e+00, 4.787064123339722e+04, 1.000000000000000e-10, 5.700629544042673e+08, 1.914825649335887e+04, 3.108920285952041e+02, 0.000000000000000e+00, -1.333326894455490e+00, 0.000000000000000e+00, 0.000000000000000e+00, 1.897005550378778e-05, 4.208957062882141e-03, -1.723592379908457e-04, -7.658699350460644e+02, 2.125170474879632e+00, 3.763823050984006e-20
4107, 5.478921532630920e-01, 6.183055788278580e-02, 2.125138010663901e-01, 0.000000000000000e+00, 0.000000000000000e+00, 4.755409023766925e+04, 1.000000000000000e-10, 5.767152421393596e+08, 1.902163609506769e+04, 3.118107435949708e+02, 0.000000000000000e+00, -1.342044224951825e+00, 0.000000000000000e+00, 0.000000000000000e+00, 1.901274377805575e-05, 3.744559012321594e-03, -1.836064445515993e-04, -7.445392900447314e+02, 1.991287449324898e+00, 3.684916042682045e-20
4133, 5.638301968574519e-01, 6.098204478621480e-02, 2.202059608849869e-01, 0.000000000000000e+00, 0.000000000000000e+00, 4.947931698016846e+04, 1.000000000000000e-10, 5.584340161967131e+08, 1.979172679206737e+04, 3.131013654477374e+02, 0.000000000000000e+00, -1.289026423645741e+00, 0.000000000000000e+00, 0.000000000000000e+00, 1.907260835135593e-05, 2.914706454046497e-03, -1.676960974691370e-04, -5.383518510810150e+02, 1.783564106807447e+00, 3.943299103378163e-20
4159, 5.797371864318850e-01, 5.999837070703510e-02, 2.475715700248179e-01, 0.000000000000000e+00, 0.000000000000000e+00, 5.584517005544293e+04, 1.000000000000000e-10, 4.986672542923617e+08, 2.233806802217716e+04, 3.143222926592009e+02, 0.000000000000000e+00, -1.113720561723994e+00, 0.000000000000000e+00, 0.000000000000000e+00, 1.912912838665595e-05, 1.608154780552217e-03, -1.051508231851002e-04, -1.325838035805911e+02, 1.400904440444899e+00, 4.964704397389881e-20
4185, 5.956164002418520e-01, 5.890367180109020e-02, 2.942468404233559e-01, 0.000000000000000e+00, 0.000000000000000e+00, 6.656645253952756e+04, 1.000000000000000e-10, 4.206432827614477e+08, 2.662658101581101e+04, 3.152346451684002e+02, 0.000000000000000e+00, -8.184728322281403e-01, 0.000000000000000e+00, 0.000000000000000e+00, 1.917129301287366e-05, 3.378080690077196e-04, -2.446624337311674e-05, 4.174799900450216e+01, 6.986253928979778e-01, 6.995224466789357e-20
4211, 6.114472150802610e-01, 5.770172551274300e-02, 3.307193429161933e-01, 0.000000000000000e+00, 0.000000000000000e+00, 7.495034569198622e+04, 1.000000000000000e-10, 3.743995173484604e+08, 2.998013827679447e+04, 3.157943680951772e+02, 0.000000000000000e+00, -5.875932316510832e-01, 0.000000000000000e+00, 0.000000000000000e+00, 1.919713095983595e-05, 3.952688566595722e-05, -3.151076782114374e-06, 3.205507561564800e+01, 2.532024928934611e-01, 8.833394472270864e-20
4237, 6.271871328353880e-01, 5.638685822486880e-02, 3.446043767975920e-01, 0.000000000000000e+00, 0.000000000000000e+00, 7.811952548857323e+04, 1.000000000000000e-10, 3.593228243913620e+08, 3.124781019542927e+04, 3.158851022210269e+02, 0.000000000000000e+00, -5.003188649234600e-01, 0.000000000000000e+00, 0.000000000000000e+00, 1.920131730079357e-05, 3.802983592488635e-04, -3.315476451621364e-05, 4.105056992283006e+01, 8.018665463495416e-01, 9.590452209695402e-20
4263, 6.428214907646180e-01, 5.496648699045180e-02, 3.522281212016431e-01, 0.000000000000000e+00, 0.000000000000000e+00, 7.984375184199377e+04, 1.000000000000000e-10, 3.514241211057286e+08, 3.193750073679749e+04, 3.158691753406419e+02, 0.000000000000000e+00, -4.528363070540974e-01, 0.000000000000000e+00, 0.000000000000000e+00, 1.920058250060994e-05, 7.788410534941126e-04, -7.250682477442291e-05, 3.061104138891099e+01, 1.160667600865972e+00, 1.002294817236053e-19
4289, 6.584149599075320e-01, 5.347967892885210e-02, 3.586124036676159e-01, 0.000000000000000e+00, 0.000000000000000e+00, 8.128458895221684e+04, 1.000000000000000e-10, 3.452432904419778e+08, 3.251383558088672e+04, 3.158444454774701e+02, 0.000000000000000e+00, -4.131578557122708e-01, 0.000000000000000e+00, 0.000000000000000e+00, 1.919944153105851e-05, 1.059860822889938e-03, -1.065465790312748e-04, 1.391248245440145e+01, 1.366524816420294e+00, 1.038731105873751e-19
4315, 6.737585067749020e-01, 5.185642465949060e-02, 3.643037301090583e-01, 0.000000000000000e+00, 0.000000000000000e+00, 8.257174013243880e+04, 1.000000000000000e-10, 3.395421785226801e+08, 3.302869605297550e+04, 3.158334728154047e+02, 0.000000000000000e+00, -3.777116799359511e-01, 0.000000000000000e+00, 0.000000000000000e+00, 1.919893526773331e-05, 1.225024278456623e-03, -1.347392453588315e-04, 4.373965427269283e+00, 1.482154158157602e+00, 1.072934133432312e-19
4341, 6.888993382453920e-01, 5.012673139572140e-02, 3.700404661481667e-01, 0.000000000000000e+00, 0.000000000000000e+00, 8.387578969350470e+04, 1.000000000000000e-10, 3.338903190288504e+08, 3.355031587740186e+04, 3.158477150092019e+02, 0.000000000000000e+00, -3.418001485845185e-01, 0.000000000000000e+00, 0.000000000000000e+00, 1.919959238101325e-05, 1.333689797605778e-03, -1.498210904943749e-04, -3.244443260444106e+00, 1.559685109911558e+00, 1.108277824935870e-19
4367, 7.042160034179690e-01, 4.843495786190030e-02, 3.746578032749519e-01, 0.000000000000000e+00, 0.000000000000000e+00, 8.492435455900394e+04, 1.000000000000000e-10, 3.297729585175785e+08, 3.396974182360156e+04, 3.158550384582385e+02, 0.000000000000000e+00, -3.129242751778297e-01, 0.000000000000000e+00, 0.000000000000000e+00, 1.919993026817799e-05, 1.432908519360417e-03, -1.631358803562950e-04, -1.253301961134844e+01, 1.626824056449968e+00, 1.136117089050104e-19
4393, 7.193410396575930e-01, 4.666095972061160e-02, 3.776555100859645e-01, 0.000000000000000e+00, 0.000000000000000e+00, 8.560091309018176e+04, 1.000000000000000e-10, 3.271748536344501e+08, 3.424036523607268e+04, 3.158442015947479e+02, 0.000000000000000e+00, -2.942928875152231e-01, 0.000000000000000e+00, 0.000000000000000e+00, 1.919943027874420e-05, 1.498040247539443e-03, -1.841920081877057e-04, -1.516527401715635e+01, 1.670876578691066e+00, 1.154301920322481e-19
4419, 7.341139912605290e-01, 4.475884139537810e-02, 3.816102364672264e-01, 0.000000000000000e+00, 0.000000000000000e+00, 8.649666327886231e+04, 1.000000000000000e-10, 3.235827421725825e+08, 3.459866531154491e+04, 3.158418501820723e+02, 0.000000000000000e+00, -2.696252966933212e-01, 0.000000000000000e+00, 0.000000000000000e+00, 1.919932178853251e-05, 1.522644372716025e-03, -1.943076039298471e-04, -1.123133145211866e+01, 1.694362431525537e+00, 1.179338171368840e-19
4445, 7.489700317382810e-01, 4.287994652986530e-02, 3.856790004831923e-01, 0.000000000000000e+00, 0.000000000000000e+00, 8.742256544603678e+04, 1.000000000000000e-10, 3.197521499255006e+08, 3.496902617841469e+04, 3.158550977040787e+02, 0.000000000000000e+00, -2.441273664784090e-01, 0.000000000000000e+00, 0.000000000000000e+00, 1.919993300162959e-05, 1.531293505058314e-03, -1.971341794439542e-04, -9.404743231289430e+00, 1.709415322200942e+00, 1.206191817356250e-19
4471, 7.636658549308780e-01, 4.095442220568660e-02, 3.885981498237981e-01, 0.000000000000000e+00, 0.000000000000000e+00, 8.808489303090793e+04, 1.000000000000000e-10, 3.173312576659699e+08, 3.523395721236315e+04, 3.158573878195671e+02, 0.000000000000000e+00, -2.258878773215878e-01, 0.000000000000000e+00, 0.000000000000000e+00, 1.920003866150898e-05, 1.531702487830942e-03, -2.074365940591576e-04, -5.157289872363096e+00, 1.716901028029963e+00, 1.224593431424409e-19
4497, 7.780403494834900e-01, 3.894298896193500e-02, 3.920505212421165e-01, 0.000000000000000e+00, 0.000000000000000e+00, 8.886988122160162e+04, 1.000000000000000e-10, 3.145079177375576e+08, 3.554795248864063e+04, 3.158660145738564e+02, 0.000000000000000e+00, -2.042705025973027e-01, 0.000000000000000e+00, 0.000000000000000e+00, 1.920043667376786e-05, 1.506252457378467e-03, -2.130218240806374e-04, 2.995900520357630e+00, 1.710897860443336e+00, 1.246564334131494e-19
4523, 7.922744154930110e-01, 3.690845519304280e-02, 3.958441128072758e-01, 0.000000000000000e+00, 0.000000000000000e+00, 8.973432278518281e+04, 1.000000000000000e-10, 3.115126732263429e+08, 3.589372911407310e+04, 3.158818958933415e+02, 0.000000000000000e+00, -1.804651034477082e-01, 0.000000000000000e+00, 0.000000000000000e+00, 1.920116937560755e-05, 1.471157159120930e-03, -2.129998149804783e-04, 1.114324793847010e+01, 1.699344842884806e+00, 1.270728879844642e-19
4549, 8.063289523124690e-01, 3.484725579619410e-02, 3.992644753074089e-01, 0.000000000000000e+00, 0.000000000000000e+00, 9.051431638193202e+04, 1.000000000000000e-10, 3.085999637046779e+08, 3.620572655277278e+04, 3.158980477191364e+02, 0.000000000000000e+00, -1.589852722051901e-01, 0.000000000000000e+00, 0.000000000000000e+00, 1.920191453888813e-05, 1.431947945245994e-03, -2.137281888872688e-04, 1.886299175094107e+01, 1.684966965084866e+00, 1.293806735864980e-19
4575, 8.201366662979130e-01, 3.274982050061230e-02, 4.026761571915408e-01, 0.000000000000000e+00, 0.000000000000000e+00, 9.129430010574477e+04, 1.000000000000000e-10, 3.059329110194996e+08, 3.651772004229789e+04, 3.159207012515767e+02, 0.000000000000000e+00, -1.375057128482474e-01, 0.000000000000000e+00, 0.000000000000000e+00, 1.920295962621857e-05, 1.381310848919129e-03, -2.132438814669145e-04, 2.684793480833144e+01, 1.662708598524538e+00, 1.316238177947520e-19
4601, 8.336892127990720e-01, 3.062343597412110e-02, 4.062729465015526e-01, 0.000000000000000e+00, 0.000000000000000e+00, 9.211747106667791e+04, 1.000000000000000e-10, 3.029582242992564e+08, 3.684698842667115e+04, 3.159471479856290e+02, 0.000000000000000e+00, -1.148368430033188e-01, 0.000000000000000e+00, 0.000000000000000e+00, 1.920417966048927e-05, 1.325540888808507e-03, -2.093421664269261e-04, 3.470607013611321e+01, 1.637183101841836e+00, 1.341034853381416e-19
4627, 8.470668792724610e-01, 2.849674224853520e-02, 4.097789307717229e-01, 0.000000000000000e+00, 0.000000000000000e+00, 9.292077858935071e+04, 1.000000000000000e-10, 3.004916308992928e+08, 3.716831143574026e+04, 3.159756033814712e+02, 0.000000000000000e+00, -9.271498188193181e-02, 0.000000000000000e+00, 0.000000000000000e+00, 1.920549230152523e-05, 1.270202913347912e-03, -2.043135021980031e-04, 4.143454444604448e+01, 1.609535239605021e+00, 1.363710778842169e-19
4653, 8.601957559585570e-01, 2.635983005166050e-02, 4.130777524007857e-01, 0.000000000000000e+00, 0.000000000000000e+00, 9.367683147229205e+04, 1.000000000000000e-10, 2.978127570543854e+08, 3.747073258891679e+04, 3.160026495729713e+02, 0.000000000000000e+00, -7.189444129841588e-02, 0.000000000000000e+00, 0.000000000000000e+00, 1.920673988216185e-05, 1.211618142553692e-03, -2.000526821017688e-04, 4.805867085715514e+01, 1.579531087029455e+00, 1.387054881390482e-19
4679, 8.730279207229610e-01, 2.421026304364200e-02, 4.164301847501369e-01, 0.000000000000000e+00, 0.000000000000000e+00, 9.444575567006649e+04, 1.000000000000000e-10, 2.952204157009135e+08, 3.777830226802657e+04, 3.160316516011050e+02, 0.000000000000000e+00, -5.071944438136466e-02, 0.000000000000000e+00, 0.000000000000000e+00, 1.920807762259326e-05, 1.147656652254988e-03, -1.942381295328811e-04, 5.460053550750096e+01, 1.544488490736559e+00, 1.410590777505845e-19
4705, 8.855857253074650e-01, 2.206263877451420e-02, 4.198155581500911e-01, 0.000000000000000e+00, 0.000000000000000e+00, 9.522285548729425e+04, 1.000000000000000e-10, 2.929627599944569e+08, 3.808914219491767e+04, 3.160625269867725e+02, 0.000000000000000e+00, -2.931930340301354e-02, 0.000000000000000e+00, 0.000000000000000e+00, 1.920950170641750e-05, 1.082559541356033e-03, -1.866366077869135e-04, 6.035848943713368e+01, 1.506166273769536e+00, 1.433017207305095e-19
4731, 8.978731632232670e-01, 1.992686651647090e-02, 4.230113313819702e-01, 0.000000000000000e+00, 0.000000000000000e+00, 9.595662910328398e+04, 1.000000000000000e-10, 2.905404984348578e+08, 3.838265164131357e+04, 3.160918647401135e+02, 0.000000000000000e+00, -9.112299772008088e-03, 0.000000000000000e+00, 0.000000000000000e+00, 1.921085480544301e-05, 1.016657183144607e-03, -1.791680406311442e-04, 6.567128281291934e+01, 1.466107848849229e+00, 1.455964123120651e-19
4757, 9.098071455955510e-01, 1.779403723776340e-02, 4.261637071766338e-01, 0.000000000000000e+00, 0.000000000000000e+00, 9.668093862834443e+04, 1.000000000000000e-10, 2.880733914038177e+08, 3.867237545133775e+04, 3.161220088288989e+02, 0.000000000000000e+00, 1.083407726299431e-02, 0.000000000000000e+00, 0.000000000000000e+00, 1.921224502919533e-05, 9.484688511438875e-04, -1.705976493057677e-04, 7.031893951473531e+01, 1.422543126005611e+00, 1.479376456865048e-19
4783, 9.214465022087100e-01, 1.568681560456750e-02, 4.292752714282818e-01, 0.000000000000000e+00, 0.000000000000000e+00, 9.739628504983541e+04, 1.000000000000000e-10, 2.861972134814451e+08, 3.895851401993414e+04, 3.161526723974515e+02, 0.000000000000000e+00, 3.053362412800048e-02, 0.000000000000000e+00, 0.000000000000000e+00, 1.921365914379730e-05, 8.809051530094998e-04, -1.612654732077262e-04, 7.393592689742393e+01, 1.375770524997940e+00, 1.499946874082895e-19
4809, 9.327191114425660e-01, 1.359959132969380e-02, 4.321715185917266e-01, 0.000000000000000e+00, 0.000000000000000e+00, 9.806230916094036e+04, 1.000000000000000e-10, 2.840403135821102e+08, 3.922492366437612e+04, 3.161813942489366e+02, 0.000000000000000e+00, 4.887490996625139e-02, 0.000000000000000e+00, 0.000000000000000e+00, 1.921498365060401e-05, 8.124025981606784e-04, -1.523594551832458e-04, 7.665722733810617e+01, 1.326694059405117e+00, 1.521533702981726e-19
4835, 9.435870051383970e-01, 1.153454557061200e-02, 4.350258275374791e-01, 0.000000000000000e+00, 0.000000000000000e+00, 9.871998572857074e+04, 1.000000000000000e-10, 2.819705060637223e+08, 3.948799429142827e+04, 3.162134792600014e+02, 0.000000000000000e+00, 6.698631721848528e-02, 0.000000000000000e+00, 0.000000000000000e+00, 1.921646317907211e-05, 7.432830783037467e-04, -1.425659582466078e-04, 7.731990108710261e+01, 1.274101391682547e+00, 1.542825366192867e-19
4861, 9.540644884109500e-01, 9.505425579845911e-03, 4.377205200240980e-01, 0.000000000000000e+00, 0.000000000000000e+00, 9.934495049058698e+04, 1.000000000000000e-10, 2.804454010179010e+08, 3.973798019623477e+04, 3.162563306868886e+02, 0.000000000000000e+00, 8.419689135214188e-02, 0.000000000000000e+00, 0.000000000000000e+00, 1.921843906104579e-05, 6.785153230616012e-04, -1.322028370697664e-04, 7.427809833800963e+01, 1.220910480806180e+00, 1.560824089200686e-19
4887, 9.641631841659550e-01, 7.525455206632610e-03, 4.402493463317310e-01, 0.000000000000000e+00, 0.000000000000000e+00, 9.994237011784551e+04, 1.000000000000000e-10, 2.783857027031204e+08, 3.997694804713818e+04, 3.163306409202277e+02, 0.000000000000000e+00, 1.006489145840804e-01, 0.000000000000000e+00, 0.000000000000000e+00, 1.922186519702186e-05, 6.215838383101238e-04, -1.224014376209462e-04, 6.412659940529097e+01, 1.172994822547645e+00, 1.581455704797075e-19
4913, 9.738758206367490e-01, 5.604205187410120e-03, 4.423541684015840e-01, 0.000000000000000e+00, 0.000000000000000e+00, 1.004648529375446e+05, 1.000000000000000e-10, 2.774106701188089e+08, 4.018594117501783e+04, 3.164713250359602e+02, 0.000000000000000e+00, 1.150372926951650e-01, 0.000000000000000e+00, 0.000000000000000e+00, 1.922835046795724e-05, 5.794529962565847e-04, -1.162190325801232e-04, 4.220724742983318e+01, 1.134705938046004e+00, 1.594600180261069e-19
4939, 9.830872416496280e-01, 3.729917574673890e-03, 4.443480718434606e-01, 0.000000000000000e+00, 0.000000000000000e+00, 1.009983465320238e+05, 1.000000000000000e-10, 2.760244403447803e+08, 4.039933861280951e+04, 3.167242384369299e+02, 0.000000000000000e+00, 1.297288907110171e-01, 0.000000000000000e+00, 0.000000000000000e+00, 1.924000571461644e-05, 5.704230180968877e-04, -1.167579627701429e-04, -2.378950129638929e+00, 1.128678246277338e+00, 1.609828702931351e-19
4965, 9.918504953384401e-01, 1.925029675476250e-03, 4.452292284816351e-01, 0.000000000000000e+00, 0.000000000000000e+00, 1.013215121279410e+05, 1.000000000000000e-10, 2.756139931442292e+08, 4.052860485117635e+04, 3.171088276134338e+02, 0.000000000000000e+00, 1.386283771845187e-01, 0.000000000000000e+00, 0.000000000000000e+00, 1.925772028798843e-05, 6.566249233848718e-04, -1.382110804596480e-04, -9.330194044613017e+01, 1.211933857868362e+00, 1.615416536383188e-19
4991, 1.000000000000000e+00, 1.699999993434180e-04, 4.506185785761873e-01, 0.000000000000000e+00, 0.000000000000000e+00, 1.027058383682883e+05, 1.000000000000000e-10, 2.690478308302308e+08, 4.108233534731530e+04, 3.175969882036053e+02, 0.000000000000000e+00, 1.767506055607246e-01, 0.000000000000000e+00, 0.000000000000000e+00, 1.928019017660969e-05, 1.534818708395727e-03, 2.335884640325892e-04, -2.651789402875749e+02, 1.853140060966603e+00, 1.674859456807532e-19
